sample_id,split,site_id,filename,status,width,height,channels,dtype,image_format,min_intensity,max_intensity,mean_intensity,std_intensity,zero_pixel_pct,saturation_pct,is_empty_mask,foreground_pixel_count,foreground_pct,flags
extras_Exploratory_A_01.png,extras,Exploratory_A,Exploratory_A_01.png,VALID,1728,13760,1,uint8,PNG,0,255,72.19,66.07,15.715,1.544,True,0,0.0,
extras_Exploratory_A_02.png,extras,Exploratory_A,Exploratory_A_02.png,VALID,1728,13799,1,uint8,PNG,0,255,74.68,67.85,15.532,1.761,True,0,0.0,
extras_Exploratory_B_01.png,extras,Exploratory_B,Exploratory_B_01.png,VALID,1728,3623,1,uint8,PNG,0,255,30.15,32.62,4.211,0.255,True,0,0.0,
extras_Exploratory_B_02.png,extras,Exploratory_B,Exploratory_B_02.png,VALID,1728,3675,1,uint8,PNG,0,255,31.41,32.88,4.009,0.23,True,0,0.0,
extras_Exploratory_B_03.png,extras,Exploratory_B,Exploratory_B_03.png,SUSPICIOUS,1728,29,1,uint8,PNG,0,255,30.8,29.94,3.576,0.172,True,0,0.0,EXTREMELY_SHORT_HEIGHT_29PX (threshold: 64px)
extras_Exploratory_B_04.png,extras,Exploratory_B,Exploratory_B_04.png,VALID,1728,3665,1,uint8,PNG,0,255,31.26,32.4,3.132,0.23,True,0,0.0,
extras_Exploratory_B_05.png,extras,Exploratory_B,Exploratory_B_05.png,VALID,1728,3793,1,uint8,PNG,0,255,32.07,31.72,2.908,0.205,True,0,0.0,
extras_Exploratory_B_06.png,extras,Exploratory_B,Exploratory_B_06.png,VALID,1728,6221,1,uint8,PNG,0,255,25.03,29.34,6.242,0.169,True,0,0.0,
extras_Exploratory_B_07.png,extras,Exploratory_B,Exploratory_B_07.png,VALID,1728,6380,1,uint8,PNG,0,255,25.63,30.0,6.847,0.18,True,0,0.0,
extras_Exploratory_B_08.png,extras,Exploratory_B,Exploratory_B_08.png,VALID,1728,6280,1,uint8,PNG,0,255,26.78,30.39,7.005,0.181,True,0,0.0,
extras_Exploratory_B_09.png,extras,Exploratory_B,Exploratory_B_09.png,VALID,1728,6394,1,uint8,PNG,0,255,26.68,29.89,7.682,0.176,True,0,0.0,
extras_Exploratory_B_10.png,extras,Exploratory_B,Exploratory_B_10.png,VALID,1728,6342,1,uint8,PNG,0,255,26.01,29.59,8.086,0.167,True,0,0.0,
extras_Exploratory_B_11.png,extras,Exploratory_B,Exploratory_B_11.png,VALID,1728,6428,1,uint8,PNG,0,255,27.05,29.59,8.239,0.169,True,0,0.0,
extras_Exploratory_B_12.png,extras,Exploratory_B,Exploratory_B_12.png,VALID,1728,6304,1,uint8,PNG,0,255,27.51,29.8,8.67,0.163,True,0,0.0,
extras_Exploratory_B_13.png,extras,Exploratory_B,Exploratory_B_13.png,VALID,1728,5906,1,uint8,PNG,0,255,28.14,30.0,8.983,0.168,True,0,0.0,
extras_Exploratory_C_01.png,extras,Exploratory_C,Exploratory_C_01.png,VALID,1728,18745,1,uint8,PNG,0,255,63.67,58.23,1.045,0.999,True,0,0.0,
extras_Exploratory_C_02.png,extras,Exploratory_C,Exploratory_C_02.png,VALID,1728,18642,1,uint8,PNG,0,255,63.02,60.36,1.134,1.083,True,0,0.0,
extras_Mischelley_Reef_01.png,extras,Mischelley_Reef,Mischelley_Reef_01.png,VALID,1728,7030,1,uint8,PNG,0,255,72.49,70.25,0.448,2.219,True,0,0.0,
extras_Mischelley_Reef_02.png,extras,Mischelley_Reef,Mischelley_Reef_02.png,VALID,1728,6942,1,uint8,PNG,0,255,87.49,80.78,0.503,4.2,True,0,0.0,
extras_Mischelley_Reef_03.png,extras,Mischelley_Reef,Mischelley_Reef_03.png,VALID,1728,7044,1,uint8,PNG,0,255,88.31,81.53,0.519,4.373,True,0,0.0,
extras_Mischelley_Reef_04.png,extras,Mischelley_Reef,Mischelley_Reef_04.png,VALID,1728,6986,1,uint8,PNG,0,255,89.06,83.38,0.516,4.731,True,0,0.0,
extras_Mischelley_Reef_05.png,extras,Mischelley_Reef,Mischelley_Reef_05.png,VALID,1728,6985,1,uint8,PNG,0,255,92.81,86.78,0.526,5.213,True,0,0.0,
extras_Mischelley_Reef_06.png,extras,Mischelley_Reef,Mischelley_Reef_06.png,VALID,1728,6977,1,uint8,PNG,0,255,89.05,84.11,0.574,4.289,True,0,0.0,
extras_Mischelley_Reef_07.png,extras,Mischelley_Reef,Mischelley_Reef_07.png,VALID,1728,5403,1,uint8,PNG,0,255,91.11,89.0,0.646,5.331,True,0,0.0,
extras_Mischelley_Reef_08.png,extras,Mischelley_Reef,Mischelley_Reef_08.png,VALID,1728,5644,1,uint8,PNG,0,255,87.62,86.61,0.566,4.676,True,0,0.0,
test_Artificial_Reef_01.png,test,Artificial_Reef,Artificial_Reef_01.png,VALID,1728,2476,1,uint8,PNG,0,255,40.71,39.61,1.555,0.265,True,0,0.0,
test_Artificial_Reef_02.png,test,Artificial_Reef,Artificial_Reef_02.png,VALID,1728,2480,1,uint8,PNG,0,255,43.49,45.67,1.44,0.495,True,0,0.0,
test_Artificial_Reef_03.png,test,Artificial_Reef,Artificial_Reef_03.png,VALID,1728,2522,1,uint8,PNG,0,255,56.87,55.37,1.388,1.024,True,0,0.0,
test_Artificial_Reef_04.png,test,Artificial_Reef,Artificial_Reef_04.png,VALID,1728,2501,1,uint8,PNG,0,255,57.74,58.5,1.398,1.365,True,0,0.0,
test_Artificial_Reef_05.png,test,Artificial_Reef,Artificial_Reef_05.png,VALID,1728,2514,1,uint8,PNG,0,255,55.89,52.37,1.375,0.677,True,0,0.0,
test_Artificial_Reef_06.png,test,Artificial_Reef,Artificial_Reef_06.png,VALID,1728,2476,1,uint8,PNG,0,255,55.55,49.97,1.337,0.584,False,11853,0.277,
test_Barge_No_1_01.png,test,Barge_No_1,Barge_No_1_01.png,VALID,1728,2574,1,uint8,PNG,0,255,73.15,56.77,2.18,0.98,True,0,0.0,
test_Barge_No_1_02.png,test,Barge_No_1,Barge_No_1_02.png,VALID,1728,2634,1,uint8,PNG,0,255,65.51,53.46,2.328,0.735,False,36663,0.8055,
test_Barge_No_1_03.png,test,Barge_No_1,Barge_No_1_03.png,VALID,1728,2595,1,uint8,PNG,0,255,67.27,54.07,3.0,0.766,False,50282,1.1213,
test_Barge_No_1_04.png,test,Barge_No_1,Barge_No_1_04.png,VALID,1728,2607,1,uint8,PNG,0,255,65.22,52.54,3.814,0.649,False,28592,0.6347,
test_Barge_No_1_05.png,test,Barge_No_1,Barge_No_1_05.png,VALID,1728,2602,1,uint8,PNG,0,255,63.05,51.87,3.788,0.593,False,53570,1.1914,
test_Barge_No_1_06.png,test,Barge_No_1,Barge_No_1_06.png,VALID,1728,2620,1,uint8,PNG,0,255,63.62,52.76,4.248,0.659,False,44858,0.9908,
test_Barge_No_1_07.png,test,Barge_No_1,Barge_No_1_07.png,VALID,1728,2589,1,uint8,PNG,0,255,68.38,54.65,3.757,0.786,True,0,0.0,
test_Barge_No_1_08.png,test,Barge_No_1,Barge_No_1_08.png,VALID,1728,3325,1,uint8,PNG,0,255,71.7,47.07,4.695,0.451,True,0,0.0,
test_Barge_No_1_09.png,test,Barge_No_1,Barge_No_1_09.png,VALID,1728,3337,1,uint8,PNG,0,255,69.74,45.2,4.735,0.258,True,0,0.0,
test_Barge_No_1_10.png,test,Barge_No_1,Barge_No_1_10.png,VALID,1728,3330,1,uint8,PNG,0,255,70.97,45.89,4.455,0.292,True,0,0.0,
test_Barge_No_1_11.png,test,Barge_No_1,Barge_No_1_11.png,VALID,1728,3324,1,uint8,PNG,0,255,70.12,45.5,4.29,0.282,True,0,0.0,
test_Barge_No_1_12.png,test,Barge_No_1,Barge_No_1_12.png,VALID,1728,3318,1,uint8,PNG,0,255,70.03,45.36,4.137,0.283,True,0,0.0,
test_Barge_No_1_13.png,test,Barge_No_1,Barge_No_1_13.png,VALID,1728,3296,1,uint8,PNG,0,255,72.35,46.4,3.955,0.313,True,0,0.0,
test_Barge_No_1_14.png,test,Barge_No_1,Barge_No_1_14.png,VALID,1728,3025,1,uint8,PNG,0,255,78.22,50.55,2.296,0.409,False,63631,1.2173,
test_Barge_No_1_15.png,test,Barge_No_1,Barge_No_1_15.png,VALID,1728,3111,1,uint8,PNG,0,255,84.95,51.35,2.607,0.531,False,65687,1.2219,
test_Corsair_01.png,test,Corsair,Corsair_01.png,VALID,1728,1817,1,uint8,PNG,0,255,86.62,75.41,1.084,1.541,True,0,0.0,
test_Corsair_02.png,test,Corsair,Corsair_02.png,VALID,1728,1863,1,uint8,PNG,0,255,84.64,73.7,0.769,1.192,False,8237,0.2559,
test_Corsair_03.png,test,Corsair,Corsair_03.png,VALID,1728,1843,1,uint8,PNG,0,255,83.72,72.75,0.786,1.105,False,11977,0.3761,
test_Corsair_04.png,test,Corsair,Corsair_04.png,VALID,1728,1849,1,uint8,PNG,0,255,84.46,73.04,0.835,1.101,True,0,0.0,
test_Corsican_01.png,test,Corsican,Corsican_01.png,VALID,1728,1445,1,uint8,PNG,0,255,79.11,72.86,0.633,1.591,True,0,0.0,
test_Corsican_02.png,test,Corsican,Corsican_02.png,VALID,1728,1471,1,uint8,PNG,0,255,90.93,78.38,0.567,2.181,False,8936,0.3515,
test_Corsican_03.png,test,Corsican,Corsican_03.png,VALID,1728,1470,1,uint8,PNG,0,255,88.6,75.89,0.581,1.871,False,7180,0.2827,
test_Corsican_04.png,test,Corsican,Corsican_04.png,VALID,1728,1472,1,uint8,PNG,0,255,88.19,75.6,0.546,1.841,True,0,0.0,
test_Corsican_05.png,test,Corsican,Corsican_05.png,VALID,1728,2576,1,uint8,PNG,0,255,79.74,74.84,2.438,1.854,False,7443,0.1672,
test_Corsican_06.png,test,Corsican,Corsican_06.png,VALID,1728,2573,1,uint8,PNG,0,255,87.76,78.59,2.725,2.2,False,9368,0.2107,
test_Haltiner_Barge_01.png,test,Haltiner_Barge,Haltiner_Barge_01.png,VALID,1728,773,1,uint8,PNG,0,255,57.96,58.81,7.86,1.053,False,47622,3.5652,
test_Haltiner_Barge_02.png,test,Haltiner_Barge,Haltiner_Barge_02.png,VALID,1728,853,1,uint8,PNG,0,255,66.07,61.18,4.245,1.219,False,57768,3.9192,
test_Haltiner_Barge_03.png,test,Haltiner_Barge,Haltiner_Barge_03.png,VALID,1728,621,1,uint8,PNG,0,255,67.07,67.43,3.097,2.97,False,9577,0.8925,
test_Haltiner_Barge_04.png,test,Haltiner_Barge,Haltiner_Barge_04.png,VALID,1728,655,1,uint8,PNG,0,255,85.16,79.54,2.042,6.469,False,14290,1.2625,
test_Haltiner_Barge_05.png,test,Haltiner_Barge,Haltiner_Barge_05.png,VALID,1728,657,1,uint8,PNG,0,255,78.58,78.54,2.304,6.124,False,12935,1.1394,
test_Haltiner_Barge_06.png,test,Haltiner_Barge,Haltiner_Barge_06.png,VALID,1728,662,1,uint8,PNG,0,255,70.82,73.28,2.547,3.961,False,15581,1.3621,
test_Haltiner_Barge_07.png,test,Haltiner_Barge,Haltiner_Barge_07.png,VALID,1728,650,1,uint8,PNG,0,255,59.43,65.86,2.431,2.859,False,5645,0.5026,
test_Haltiner_Barge_08.png,test,Haltiner_Barge,Haltiner_Barge_08.png,VALID,1728,9452,1,uint8,PNG,0,255,73.46,57.75,7.409,0.541,True,0,0.0,
test_Haltiner_Barge_09.png,test,Haltiner_Barge,Haltiner_Barge_09.png,VALID,1728,9636,1,uint8,PNG,0,255,74.39,57.74,7.476,0.592,True,0,0.0,
test_Haltiner_Barge_10.png,test,Haltiner_Barge,Haltiner_Barge_10.png,VALID,1728,9523,1,uint8,PNG,0,255,73.55,55.44,8.293,0.491,True,0,0.0,
test_Haltiner_Barge_11.png,test,Haltiner_Barge,Haltiner_Barge_11.png,VALID,1728,9589,1,uint8,PNG,0,255,68.31,52.75,9.214,0.424,True,0,0.0,
test_Haltiner_Barge_12.png,test,Haltiner_Barge,Haltiner_Barge_12.png,VALID,1728,9385,1,uint8,PNG,0,255,66.5,57.87,10.982,1.024,True,0,0.0,
test_Haltiner_Barge_13.png,test,Haltiner_Barge,Haltiner_Barge_13.png,VALID,1728,9688,1,uint8,PNG,0,255,50.23,46.97,8.959,0.583,True,0,0.0,
test_James_Davidson_01.png,test,James_Davidson,James_Davidson_01.png,VALID,1728,6739,1,uint8,PNG,0,255,39.22,46.33,11.648,0.244,False,23225,0.1994,
test_James_Davidson_02.png,test,James_Davidson,James_Davidson_02.png,VALID,1728,6617,1,uint8,PNG,0,255,41.41,43.61,8.714,0.164,False,35967,0.3146,
test_James_Davidson_03.png,test,James_Davidson,James_Davidson_03.png,VALID,1728,6749,1,uint8,PNG,0,255,43.01,45.89,10.626,0.243,False,1799,0.0154,
test_James_Davidson_04.png,test,James_Davidson,James_Davidson_04.png,VALID,1728,6654,1,uint8,PNG,0,255,42.8,45.09,11.137,0.232,False,70311,0.6115,
test_Lucinda_van_Valkenburg_01.png,test,Lucinda_van_Valkenburg,Lucinda_van_Valkenburg_01.png,VALID,1728,2152,1,uint8,PNG,0,255,65.21,44.21,6.884,0.306,True,0,0.0,
test_Lucinda_van_Valkenburg_02.png,test,Lucinda_van_Valkenburg,Lucinda_van_Valkenburg_02.png,VALID,1728,1740,1,uint8,PNG,0,255,73.56,66.26,12.43,1.513,True,0,0.0,
test_Lucinda_van_Valkenburg_03.png,test,Lucinda_van_Valkenburg,Lucinda_van_Valkenburg_03.png,VALID,1728,1719,1,uint8,PNG,0,255,70.52,65.63,12.12,1.462,True,0,0.0,
test_Lucinda_van_Valkenburg_04.png,test,Lucinda_van_Valkenburg,Lucinda_van_Valkenburg_04.png,VALID,1728,1729,1,uint8,PNG,0,255,70.65,65.41,11.899,1.353,True,0,0.0,
test_Lucinda_van_Valkenburg_05.png,test,Lucinda_van_Valkenburg,Lucinda_van_Valkenburg_05.png,VALID,1728,1757,1,uint8,PNG,0,255,58.2,57.59,14.46,1.023,False,7046,0.2321,
test_Lucinda_van_Valkenburg_06.png,test,Lucinda_van_Valkenburg,Lucinda_van_Valkenburg_06.png,VALID,1728,1760,1,uint8,PNG,0,255,59.82,60.12,14.207,1.213,False,224166,7.3708,
test_Lucinda_van_Valkenburg_07.png,test,Lucinda_van_Valkenburg,Lucinda_van_Valkenburg_07.png,VALID,1728,1758,1,uint8,PNG,0,255,64.71,63.7,14.004,1.711,False,228881,7.5344,
test_Lucinda_van_Valkenburg_08.png,test,Lucinda_van_Valkenburg,Lucinda_van_Valkenburg_08.png,VALID,1728,1757,1,uint8,PNG,0,255,56.58,46.96,12.778,0.337,True,0,0.0,
test_Lucinda_van_Valkenburg_09.png,test,Lucinda_van_Valkenburg,Lucinda_van_Valkenburg_09.png,VALID,1728,1733,1,uint8,PNG,0,255,71.76,56.84,11.051,0.617,True,0,0.0,
test_Lucinda_van_Valkenburg_10.png,test,Lucinda_van_Valkenburg,Lucinda_van_Valkenburg_10.png,VALID,1728,1736,1,uint8,PNG,0,255,71.72,53.4,10.385,0.457,True,0,0.0,
test_Lucinda_van_Valkenburg_11.png,test,Lucinda_van_Valkenburg,Lucinda_van_Valkenburg_11.png,VALID,1728,1735,1,uint8,PNG,0,255,66.49,53.3,10.062,0.46,True,0,0.0,
test_Lucinda_van_Valkenburg_12.png,test,Lucinda_van_Valkenburg,Lucinda_van_Valkenburg_12.png,VALID,1728,2819,1,uint8,PNG,0,255,24.98,34.83,2.199,0.167,False,159053,3.2651,
test_Lucinda_van_Valkenburg_13.png,test,Lucinda_van_Valkenburg,Lucinda_van_Valkenburg_13.png,VALID,1728,2838,1,uint8,PNG,0,255,21.52,33.82,5.455,0.143,False,89595,1.827,
test_Lucinda_van_Valkenburg_14.png,test,Lucinda_van_Valkenburg,Lucinda_van_Valkenburg_14.png,VALID,1728,2908,1,uint8,PNG,0,255,21.79,33.94,5.759,0.138,False,124046,2.4686,
test_Lucinda_van_Valkenburg_15.png,test,Lucinda_van_Valkenburg,Lucinda_van_Valkenburg_15.png,VALID,1728,2833,1,uint8,PNG,0,255,22.37,34.93,5.481,0.128,False,109029,2.2272,
test_Lucinda_van_Valkenburg_16.png,test,Lucinda_van_Valkenburg,Lucinda_van_Valkenburg_16.png,VALID,1728,2936,1,uint8,PNG,0,255,24.88,38.14,6.131,0.146,False,161215,3.1776,
test_Lucinda_van_Valkenburg_17.png,test,Lucinda_van_Valkenburg,Lucinda_van_Valkenburg_17.png,VALID,1728,2812,1,uint8,PNG,0,255,22.34,34.24,4.869,0.128,False,139808,2.8772,
test_Lucinda_van_Valkenburg_18.png,test,Lucinda_van_Valkenburg,Lucinda_van_Valkenburg_18.png,VALID,1728,2937,1,uint8,PNG,0,255,26.09,38.75,6.674,0.141,False,140657,2.7715,
test_Lucinda_van_Valkenburg_19.png,test,Lucinda_van_Valkenburg,Lucinda_van_Valkenburg_19.png,VALID,1728,2863,1,uint8,PNG,0,255,24.48,34.56,2.221,0.136,False,153132,3.0953,
test_Monohansett_01.png,test,Monohansett,Monohansett_01.png,VALID,1728,9004,1,uint8,PNG,0,255,31.76,30.98,6.567,0.157,True,0,0.0,
test_Monohansett_02.png,test,Monohansett,Monohansett_02.png,VALID,1728,8779,1,uint8,PNG,0,255,32.63,32.67,6.198,0.173,False,3014,0.0199,
test_Monohansett_03.png,test,Monohansett,Monohansett_03.png,VALID,1728,8976,1,uint8,PNG,0,255,36.18,36.32,4.718,0.227,False,67086,0.4325,
test_Monohansett_04.png,test,Monohansett,Monohansett_04.png,VALID,1728,4685,1,uint8,PNG,0,255,39.53,39.75,9.365,0.318,False,66049,0.8159,
test_Monohansett_05.png,test,Monohansett,Monohansett_05.png,VALID,1728,4821,1,uint8,PNG,0,255,41.25,41.03,9.498,0.356,False,47049,0.5648,
test_Monrovia_01.png,test,Monrovia,Monrovia_01.png,VALID,1728,1694,1,uint8,PNG,0,255,83.72,73.21,17.35,2.214,False,44373,1.5159,
test_Monrovia_02.png,test,Monrovia,Monrovia_02.png,VALID,1728,1687,1,uint8,PNG,0,255,84.12,73.08,17.761,2.164,False,66364,2.2765,
test_Monrovia_03.png,test,Monrovia,Monrovia_03.png,VALID,1728,1676,1,uint8,PNG,0,255,81.37,74.19,17.656,2.228,False,69813,2.4106,
test_Monrovia_04.png,test,Monrovia,Monrovia_04.png,VALID,1728,1688,1,uint8,PNG,0,255,84.68,76.48,18.325,2.577,False,76663,2.6283,
test_Monrovia_05.png,test,Monrovia,Monrovia_05.png,VALID,1728,1683,1,uint8,PNG,0,255,80.91,71.36,16.88,1.919,False,62435,2.1468,
test_Monrovia_06.png,test,Monrovia,Monrovia_06.png,VALID,1728,1682,1,uint8,PNG,0,255,85.23,75.82,18.182,2.481,False,83557,2.8748,
test_Monrovia_07.png,test,Monrovia,Monrovia_07.png,VALID,1728,1722,1,uint8,PNG,0,255,84.11,72.73,17.533,2.115,False,39978,1.3435,
test_Monrovia_08.png,test,Monrovia,Monrovia_08.png,VALID,1728,1697,1,uint8,PNG,0,255,82.35,72.66,17.521,2.07,False,82522,2.8141,
test_Shamrock_01.png,test,Shamrock,Shamrock_01.png,VALID,1728,1878,1,uint8,PNG,0,255,57.77,48.4,1.074,0.533,False,62731,1.933,
test_Shamrock_02.png,test,Shamrock,Shamrock_02.png,VALID,1728,1902,1,uint8,PNG,0,255,60.72,49.46,1.07,0.563,False,41089,1.2502,
test_Shamrock_03.png,test,Shamrock,Shamrock_03.png,VALID,1728,2458,1,uint8,PNG,0,255,55.8,44.34,1.335,0.351,False,66592,1.5678,
test_Shamrock_04.png,test,Shamrock,Shamrock_04.png,VALID,1728,2460,1,uint8,PNG,0,255,75.7,49.18,1.037,0.538,True,0,0.0,
test_Shamrock_05.png,test,Shamrock,Shamrock_05.png,VALID,1728,2471,1,uint8,PNG,0,255,79.65,51.11,0.966,0.693,True,0,0.0,
test_Shamrock_06.png,test,Shamrock,Shamrock_06.png,VALID,1728,2451,1,uint8,PNG,0,255,81.78,52.21,0.962,0.74,True,0,0.0,
test_Viator_01.png,test,Viator,Viator_01.png,VALID,1728,3632,1,uint8,PNG,0,255,24.2,35.41,1.428,0.119,False,47436,0.7558,
test_Viator_02.png,test,Viator,Viator_02.png,VALID,1728,3652,1,uint8,PNG,0,255,24.64,36.79,1.526,0.133,False,54517,0.8639,
test_Viator_03.png,test,Viator,Viator_03.png,VALID,1728,1044,1,uint8,PNG,0,255,24.75,36.5,1.609,0.113,True,0,0.0,
test_Viator_04.png,test,Viator,Viator_04.png,VALID,1728,2143,1,uint8,PNG,0,255,111.01,85.57,21.957,3.738,False,26492,0.7154,
test_Viator_05.png,test,Viator,Viator_05.png,VALID,1728,2152,1,uint8,PNG,0,255,108.26,84.15,22.53,3.382,False,30764,0.8273,
test_Viator_06.png,test,Viator,Viator_06.png,VALID,1728,2175,1,uint8,PNG,0,255,109.71,84.52,22.0,3.532,False,33849,0.9006,
test_Viator_07.png,test,Viator,Viator_07.png,VALID,1728,2160,1,uint8,PNG,0,255,108.14,84.78,22.479,3.529,False,33314,0.8925,
test_Viator_08.png,test,Viator,Viator_08.png,VALID,1728,2181,1,uint8,PNG,0,255,109.19,84.56,22.121,3.536,False,36206,0.9607,
test_Viator_09.png,test,Viator,Viator_09.png,VALID,1728,2158,1,uint8,PNG,0,255,108.44,84.02,22.106,3.424,False,26700,0.716,
test_Viator_10.png,test,Viator,Viator_10.png,VALID,1728,2152,1,uint8,PNG,0,255,109.02,85.94,22.301,3.743,False,38895,1.0459,
test_Viator_11.png,test,Viator,Viator_11.png,VALID,1728,2158,1,uint8,PNG,0,255,110.08,85.44,21.785,3.744,False,25293,0.6783,
test_WH_Gilbert_01.png,test,WH_Gilbert,WH_Gilbert_01.png,VALID,1728,936,1,uint8,PNG,0,255,58.81,63.68,1.782,0.484,False,23551,1.4561,
test_WH_Gilbert_02.png,test,WH_Gilbert,WH_Gilbert_02.png,VALID,1728,891,1,uint8,PNG,0,255,57.1,61.56,1.844,0.366,False,24483,1.5902,
test_WH_Gilbert_03.png,test,WH_Gilbert,WH_Gilbert_03.png,VALID,1728,1348,1,uint8,PNG,0,255,115.33,91.98,1.671,4.797,True,0,0.0,
test_WH_Gilbert_04.png,test,WH_Gilbert,WH_Gilbert_04.png,VALID,1728,1378,1,uint8,PNG,0,255,109.77,89.62,1.739,4.21,False,26047,1.0939,
test_WH_Gilbert_05.png,test,WH_Gilbert,WH_Gilbert_05.png,VALID,1728,1381,1,uint8,PNG,0,255,108.55,88.67,1.758,3.692,False,16037,0.672,
test_WH_Gilbert_06.png,test,WH_Gilbert,WH_Gilbert_06.png,VALID,1728,1495,1,uint8,PNG,0,255,102.14,86.19,1.866,3.127,False,19924,0.7712,
test_WP_Thew_01.png,test,WP_Thew,WP_Thew_01.png,VALID,1728,2568,1,uint8,PNG,0,255,48.58,51.51,3.594,0.321,True,0,0.0,
test_WP_Thew_02.png,test,WP_Thew,WP_Thew_02.png,VALID,1728,2672,1,uint8,PNG,0,255,45.68,50.23,3.769,0.402,True,0,0.0,
test_WP_Thew_03.png,test,WP_Thew,WP_Thew_03.png,VALID,1728,2624,1,uint8,PNG,0,255,47.8,51.2,3.602,0.361,True,0,0.0,
test_WP_Thew_04.png,test,WP_Thew,WP_Thew_04.png,VALID,1728,2639,1,uint8,PNG,0,255,41.04,44.75,7.064,0.214,False,123418,2.7064,
test_WP_Thew_05.png,test,WP_Thew,WP_Thew_05.png,VALID,1728,2620,1,uint8,PNG,0,255,46.81,51.42,4.422,0.386,False,248750,5.4944,
test_WP_Thew_06.png,test,WP_Thew,WP_Thew_06.png,VALID,1728,2574,1,uint8,PNG,0,255,50.7,53.58,2.672,0.388,True,0,0.0,
test_WP_Thew_07.png,test,WP_Thew,WP_Thew_07.png,VALID,1728,2648,1,uint8,PNG,0,255,47.83,52.03,2.64,0.473,True,0,0.0,
test_WP_Thew_08.png,test,WP_Thew,WP_Thew_08.png,VALID,1728,2623,1,uint8,PNG,0,255,50.93,54.39,2.716,0.49,True,0,0.0,
test_WP_Thew_09.png,test,WP_Thew,WP_Thew_09.png,VALID,1728,2647,1,uint8,PNG,0,255,42.42,46.21,6.617,0.245,False,139086,3.0408,
test_WP_Thew_10.png,test,WP_Thew,WP_Thew_10.png,VALID,1728,2646,1,uint8,PNG,0,255,41.94,46.28,6.016,0.244,False,244621,5.3501,
test_WP_Thew_11.png,test,WP_Thew,WP_Thew_11.png,VALID,1728,2648,1,uint8,PNG,0,255,43.39,47.2,6.696,0.252,False,104308,2.2796,
test_WP_Thew_12.png,test,WP_Thew,WP_Thew_12.png,VALID,1728,2648,1,uint8,PNG,0,255,52.44,56.0,2.745,0.566,True,0,0.0,
test_WP_Thew_13.png,test,WP_Thew,WP_Thew_13.png,VALID,1728,2670,1,uint8,PNG,0,255,53.39,57.23,3.274,0.638,True,0,0.0,
test_WP_Thew_14.png,test,WP_Thew,WP_Thew_14.png,VALID,1728,2598,1,uint8,PNG,0,255,44.91,48.56,4.693,0.275,True,0,0.0,
test_WP_Thew_15.png,test,WP_Thew,WP_Thew_15.png,VALID,1728,2696,1,uint8,PNG,0,255,42.29,46.4,6.497,0.25,False,291561,6.2584,
test_WP_Thew_16.png,test,WP_Thew,WP_Thew_16.png,VALID,1728,2620,1,uint8,PNG,0,255,44.83,50.56,4.769,0.379,False,302328,6.6778,
test_WP_Thew_17.png,test,WP_Thew,WP_Thew_17.png,VALID,1728,2647,1,uint8,PNG,0,255,46.63,50.01,4.832,0.324,False,59581,1.3026,
train_DM_Wilson_01.png,train,DM_Wilson,DM_Wilson_01.png,VALID,1728,5579,1,uint8,PNG,0,255,70.96,63.88,2.265,1.287,True,0,0.0,
train_DM_Wilson_02.png,train,DM_Wilson,DM_Wilson_02.png,VALID,1728,5581,1,uint8,PNG,0,255,74.69,65.81,2.054,1.487,True,0,0.0,
train_DM_Wilson_03.png,train,DM_Wilson,DM_Wilson_03.png,VALID,1728,5616,1,uint8,PNG,0,255,77.76,64.06,2.185,1.021,False,63555,0.6549,
train_DM_Wilson_04.png,train,DM_Wilson,DM_Wilson_04.png,VALID,1728,5590,1,uint8,PNG,0,255,84.24,65.6,2.116,1.186,False,57071,0.5908,
train_DM_Wilson_05.png,train,DM_Wilson,DM_Wilson_05.png,VALID,1728,5667,1,uint8,PNG,0,255,84.83,65.53,2.207,1.168,False,32529,0.3322,
train_DM_Wilson_06.png,train,DM_Wilson,DM_Wilson_06.png,VALID,1728,5584,1,uint8,PNG,0,255,87.32,64.1,2.119,0.959,True,0,0.0,
train_DM_Wilson_07.png,train,DM_Wilson,DM_Wilson_07.png,VALID,1728,5763,1,uint8,PNG,0,255,87.16,63.86,2.254,0.895,False,2962,0.0297,
train_DM_Wilson_08.png,train,DM_Wilson,DM_Wilson_08.png,VALID,1728,2774,1,uint8,PNG,0,255,33.3,40.29,5.618,0.204,False,200958,4.1923,
train_DM_Wilson_09.png,train,DM_Wilson,DM_Wilson_09.png,VALID,1728,2790,1,uint8,PNG,0,255,36.0,43.51,7.908,0.208,False,178778,3.7082,
train_DM_Wilson_10.png,train,DM_Wilson,DM_Wilson_10.png,VALID,1728,2845,1,uint8,PNG,0,255,37.82,43.62,7.595,0.151,False,199503,4.0581,
train_DM_Wilson_11.png,train,DM_Wilson,DM_Wilson_11.png,VALID,1728,2476,1,uint8,PNG,0,255,34.69,41.6,7.736,0.171,False,171144,4.0001,
train_DM_Wilson_12.png,train,DM_Wilson,DM_Wilson_12.png,VALID,1728,2846,1,uint8,PNG,0,255,33.42,41.23,7.666,0.171,False,222782,4.53,
train_DM_Wilson_13.png,train,DM_Wilson,DM_Wilson_13.png,VALID,1728,2782,1,uint8,PNG,0,255,35.86,43.92,8.021,0.172,False,230496,4.7947,
train_DM_Wilson_14.png,train,DM_Wilson,DM_Wilson_14.png,VALID,1728,2867,1,uint8,PNG,0,255,33.19,41.12,7.008,0.196,False,200360,4.0443,
train_DM_Wilson_15.png,train,DM_Wilson,DM_Wilson_15.png,VALID,1728,2812,1,uint8,PNG,0,255,31.25,39.12,5.709,0.167,False,243059,5.0021,
train_DM_Wilson_16.png,train,DM_Wilson,DM_Wilson_16.png,VALID,1728,18074,1,uint8,PNG,0,255,69.39,60.89,11.106,0.773,True,0,0.0,
train_DM_Wilson_17.png,train,DM_Wilson,DM_Wilson_17.png,VALID,1728,18179,1,uint8,PNG,0,255,67.67,60.29,11.819,0.864,True,0,0.0,
train_DM_Wilson_18.png,train,DM_Wilson,DM_Wilson_18.png,SUSPICIOUS,1728,61,1,uint8,PNG,0,255,73.13,59.22,13.798,0.578,True,0,0.0,EXTREMELY_SHORT_HEIGHT_61PX (threshold: 64px)
train_DM_Wilson_19.png,train,DM_Wilson,DM_Wilson_19.png,VALID,1728,18179,1,uint8,PNG,0,255,67.12,59.46,11.718,0.717,True,0,0.0,
train_DM_Wilson_20.png,train,DM_Wilson,DM_Wilson_20.png,VALID,1728,18107,1,uint8,PNG,0,255,65.73,59.14,11.828,0.695,True,0,0.0,
train_DM_Wilson_21.png,train,DM_Wilson,DM_Wilson_21.png,VALID,1728,18155,1,uint8,PNG,0,255,64.41,60.45,12.303,0.839,False,393,0.0013,
train_DM_Wilson_22.png,train,DM_Wilson,DM_Wilson_22.png,VALID,1728,18082,1,uint8,PNG,0,255,68.04,59.15,12.01,0.628,True,0,0.0,
train_DR_Hanna_01.png,train,DR_Hanna,DR_Hanna_01.png,VALID,1728,2193,1,uint8,PNG,0,255,88.81,75.77,1.333,2.371,True,0,0.0,
train_DR_Hanna_02.png,train,DR_Hanna,DR_Hanna_02.png,VALID,1728,2223,1,uint8,PNG,0,255,85.14,73.2,1.163,1.963,False,9539,0.2483,
train_DR_Hanna_03.png,train,DR_Hanna,DR_Hanna_03.png,VALID,1728,2245,1,uint8,PNG,0,255,87.55,78.3,0.954,2.859,False,62259,1.6049,
train_DR_Hanna_04.png,train,DR_Hanna,DR_Hanna_04.png,VALID,1728,2202,1,uint8,PNG,0,255,79.76,74.35,1.086,2.264,False,40725,1.0703,
train_DR_Hanna_05.png,train,DR_Hanna,DR_Hanna_05.png,VALID,1728,2244,1,uint8,PNG,0,255,80.62,73.12,1.003,1.957,False,45992,1.1861,
train_EB_Allen_01.png,train,EB_Allen,EB_Allen_01.png,VALID,1728,1904,1,uint8,PNG,0,255,47.01,42.65,17.678,0.235,True,0,0.0,
train_EB_Allen_02.png,train,EB_Allen,EB_Allen_02.png,VALID,1728,1927,1,uint8,PNG,0,255,46.31,42.01,18.3,0.233,True,0,0.0,
train_EB_Allen_03.png,train,EB_Allen,EB_Allen_03.png,VALID,1728,1930,1,uint8,PNG,0,255,48.06,44.1,18.231,0.268,True,0,0.0,
train_EB_Allen_04.png,train,EB_Allen,EB_Allen_04.png,VALID,1728,1899,1,uint8,PNG,0,255,47.34,43.79,18.228,0.256,True,0,0.0,
train_EB_Allen_05.png,train,EB_Allen,EB_Allen_05.png,VALID,1728,1927,1,uint8,PNG,0,255,52.1,49.86,17.88,0.436,True,0,0.0,
train_EB_Allen_06.png,train,EB_Allen,EB_Allen_06.png,VALID,1728,1929,1,uint8,PNG,0,255,44.76,48.26,19.043,0.484,False,179737,5.3921,
train_EB_Allen_07.png,train,EB_Allen,EB_Allen_07.png,VALID,1728,1927,1,uint8,PNG,0,255,57.88,60.14,14.946,1.098,False,181328,5.4455,
train_EB_Allen_08.png,train,EB_Allen,EB_Allen_08.png,VALID,1728,1902,1,uint8,PNG,0,255,47.23,41.31,18.747,0.236,False,9339,0.2841,
train_EB_Allen_09.png,train,EB_Allen,EB_Allen_09.png,VALID,1728,1926,1,uint8,PNG,0,255,43.17,38.29,18.669,0.203,True,0,0.0,
train_EB_Allen_10.png,train,EB_Allen,EB_Allen_10.png,VALID,1728,1903,1,uint8,PNG,0,255,42.17,38.33,18.568,0.213,True,0,0.0,
train_EB_Allen_11.png,train,EB_Allen,EB_Allen_11.png,VALID,1728,1859,1,uint8,PNG,0,255,26.97,35.79,4.233,0.122,True,0,0.0,
train_EB_Allen_12.png,train,EB_Allen,EB_Allen_12.png,VALID,1728,1927,1,uint8,PNG,0,255,26.68,35.17,4.232,0.114,True,0,0.0,
train_EB_Allen_13.png,train,EB_Allen,EB_Allen_13.png,VALID,1728,1951,1,uint8,PNG,0,255,27.1,35.72,4.22,0.117,True,0,0.0,
train_EB_Allen_14.png,train,EB_Allen,EB_Allen_14.png,VALID,1728,1926,1,uint8,PNG,0,255,27.16,35.99,4.219,0.116,True,0,0.0,
train_EB_Allen_15.png,train,EB_Allen,EB_Allen_15.png,VALID,1728,1925,1,uint8,PNG,0,255,27.53,36.34,4.15,0.124,True,0,0.0,
train_EB_Allen_16.png,train,EB_Allen,EB_Allen_16.png,VALID,1728,1905,1,uint8,PNG,0,255,24.58,36.48,3.79,0.168,False,159923,4.8582,
train_EB_Allen_17.png,train,EB_Allen,EB_Allen_17.png,VALID,1728,1926,1,uint8,PNG,0,255,27.05,39.32,4.185,0.257,False,157446,4.7308,
train_EB_Allen_18.png,train,EB_Allen,EB_Allen_18.png,VALID,1728,1926,1,uint8,PNG,0,255,29.48,36.76,4.039,0.115,False,160832,4.8325,
train_EB_Allen_19.png,train,EB_Allen,EB_Allen_19.png,VALID,1728,1952,1,uint8,PNG,0,255,28.09,36.21,4.779,0.118,True,0,0.0,
train_EB_Allen_20.png,train,EB_Allen,EB_Allen_20.png,VALID,1728,1925,1,uint8,PNG,0,255,27.95,36.14,4.782,0.117,True,0,0.0,
train_EB_Allen_21.png,train,EB_Allen,EB_Allen_21.png,VALID,1728,1881,1,uint8,PNG,0,255,47.23,47.13,15.805,0.287,False,173173,5.3278,
train_EB_Allen_22.png,train,EB_Allen,EB_Allen_22.png,VALID,1728,1984,1,uint8,PNG,0,255,40.21,44.62,18.017,0.305,False,176244,5.1408,
train_EB_Allen_23.png,train,EB_Allen,EB_Allen_23.png,VALID,1728,1884,1,uint8,PNG,0,255,45.17,45.82,15.153,0.31,False,99423,3.054,
train_EB_Allen_24.png,train,EB_Allen,EB_Allen_24.png,VALID,1728,1927,1,uint8,PNG,0,255,50.51,55.62,15.689,0.88,False,173417,5.2079,
train_Egyptian_01.png,train,Egyptian,Egyptian_01.png,VALID,1728,2142,1,uint8,PNG,0,255,83.62,77.85,8.646,1.921,True,0,0.0,
train_Egyptian_02.png,train,Egyptian,Egyptian_02.png,VALID,1728,2186,1,uint8,PNG,0,255,78.45,74.96,7.584,1.689,True,0,0.0,
train_Egyptian_03.png,train,Egyptian,Egyptian_03.png,VALID,1728,2179,1,uint8,PNG,0,255,71.99,66.54,6.838,0.836,True,0,0.0,
train_Egyptian_04.png,train,Egyptian,Egyptian_04.png,VALID,1728,2183,1,uint8,PNG,0,255,74.05,70.25,6.587,1.254,False,42835,1.1355,
train_Egyptian_05.png,train,Egyptian,Egyptian_05.png,VALID,1728,2169,1,uint8,PNG,0,255,78.2,74.28,7.251,1.511,False,16312,0.4352,
train_Egyptian_06.png,train,Egyptian,Egyptian_06.png,VALID,1728,2173,1,uint8,PNG,0,255,65.98,63.02,16.239,0.681,False,43762,1.1655,
train_Egyptian_07.png,train,Egyptian,Egyptian_07.png,VALID,1728,2163,1,uint8,PNG,0,255,70.34,66.68,18.976,1.091,True,0,0.0,
train_Egyptian_08.png,train,Egyptian,Egyptian_08.png,VALID,1728,1225,1,uint8,PNG,0,255,80.14,78.01,2.112,1.831,False,24725,1.168,
train_Egyptian_09.png,train,Egyptian,Egyptian_09.png,VALID,1728,1270,1,uint8,PNG,0,255,66.91,71.28,2.437,1.391,False,27867,1.2698,
train_Egyptian_10.png,train,Egyptian,Egyptian_10.png,VALID,1728,1260,1,uint8,PNG,0,255,81.72,80.48,2.442,2.799,False,23106,1.0612,
train_Egyptian_11.png,train,Egyptian,Egyptian_11.png,VALID,1728,1261,1,uint8,PNG,0,255,74.09,76.01,2.542,2.245,False,31014,1.4233,
train_Egyptian_12.png,train,Egyptian,Egyptian_12.png,VALID,1728,1262,1,uint8,PNG,0,255,80.4,79.24,2.667,2.573,False,16092,0.7379,
train_Egyptian_13.png,train,Egyptian,Egyptian_13.png,VALID,1728,1256,1,uint8,PNG,0,255,77.33,77.14,2.61,1.742,False,16760,0.7722,
train_Egyptian_14.png,train,Egyptian,Egyptian_14.png,VALID,1728,1266,1,uint8,PNG,0,255,73.23,74.25,2.525,1.493,False,24589,1.124,
train_Egyptian_15.png,train,Egyptian,Egyptian_15.png,VALID,1728,1249,1,uint8,PNG,0,255,79.31,77.52,2.557,1.808,False,20163,0.9342,
train_Grecian_01.png,train,Grecian,Grecian_01.png,VALID,1728,1022,1,uint8,PNG,0,255,74.5,59.27,17.658,0.701,False,26238,1.4857,
train_Grecian_02.png,train,Grecian,Grecian_02.png,VALID,1728,1052,1,uint8,PNG,0,255,71.4,56.42,19.719,0.533,False,47024,2.5868,
train_Grecian_03.png,train,Grecian,Grecian_03.png,VALID,1728,1048,1,uint8,PNG,0,255,72.82,57.46,20.341,0.574,False,27355,1.5105,
train_Grecian_04.png,train,Grecian,Grecian_04.png,VALID,1728,1058,1,uint8,PNG,0,255,71.48,57.95,20.435,0.628,False,50460,2.7601,
train_Grecian_05.png,train,Grecian,Grecian_05.png,SUSPICIOUS,1728,13,1,uint8,PNG,0,255,67.26,50.21,21.212,0.147,True,0,0.0,EXTREMELY_SHORT_HEIGHT_13PX (threshold: 64px)
train_Heart_Failure_01.png,train,Heart_Failure,Heart_Failure_01.png,VALID,1728,836,1,uint8,PNG,0,255,34.29,44.11,3.207,0.499,True,0,0.0,
train_Heart_Failure_02.png,train,Heart_Failure,Heart_Failure_02.png,VALID,1728,861,1,uint8,PNG,0,255,49.1,58.28,2.578,1.285,False,1955,0.1314,
train_Heart_Failure_03.png,train,Heart_Failure,Heart_Failure_03.png,VALID,1728,873,1,uint8,PNG,0,255,52.36,61.63,2.381,1.569,False,14437,0.957,
train_Heart_Failure_04.png,train,Heart_Failure,Heart_Failure_04.png,VALID,1728,860,1,uint8,PNG,0,255,47.09,57.34,2.526,1.2,True,0,0.0,
train_Heart_Failure_05.png,train,Heart_Failure,Heart_Failure_05.png,VALID,1728,874,1,uint8,PNG,0,255,47.02,55.74,2.21,1.146,True,0,0.0,
train_Heart_Failure_06.png,train,Heart_Failure,Heart_Failure_06.png,VALID,1728,1863,1,uint8,PNG,0,255,28.93,33.88,6.74,0.243,True,0,0.0,
train_Heart_Failure_07.png,train,Heart_Failure,Heart_Failure_07.png,VALID,1728,1896,1,uint8,PNG,0,255,33.76,36.66,6.397,0.301,False,10659,0.3253,
train_Heart_Failure_08.png,train,Heart_Failure,Heart_Failure_08.png,VALID,1728,1895,1,uint8,PNG,0,255,30.23,35.75,6.964,0.282,False,27843,0.8503,
train_Heart_Failure_09.png,train,Heart_Failure,Heart_Failure_09.png,VALID,1728,1944,1,uint8,PNG,0,255,30.39,37.74,7.089,0.339,False,20713,0.6166,
train_Heart_Failure_10.png,train,Heart_Failure,Heart_Failure_10.png,VALID,1728,1903,1,uint8,PNG,0,255,29.15,37.13,7.42,0.333,False,23664,0.7196,
train_Heart_Failure_11.png,train,Heart_Failure,Heart_Failure_11.png,VALID,1728,1906,1,uint8,PNG,0,255,27.27,35.57,7.533,0.301,True,0,0.0,
train_Heart_Failure_12.png,train,Heart_Failure,Heart_Failure_12.png,VALID,1728,1867,1,uint8,PNG,0,255,32.08,38.82,7.36,0.358,True,0,0.0,
train_Isaac_M_Scott_01.png,train,Isaac_M_Scott,Isaac_M_Scott_01.png,VALID,1728,2201,1,uint8,PNG,0,255,101.99,82.42,3.331,2.85,False,97337,2.5593,
train_Isaac_M_Scott_02.png,train,Isaac_M_Scott,Isaac_M_Scott_02.png,VALID,1728,2208,1,uint8,PNG,0,255,99.93,82.39,3.067,2.757,False,38178,1.0006,
train_Isaac_M_Scott_03.png,train,Isaac_M_Scott,Isaac_M_Scott_03.png,VALID,1728,2222,1,uint8,PNG,0,255,99.38,81.67,3.134,2.547,False,37778,0.9839,
train_Isaac_M_Scott_04.png,train,Isaac_M_Scott,Isaac_M_Scott_04.png,VALID,1728,2215,1,uint8,PNG,0,255,97.99,79.69,3.154,2.258,True,0,0.0,
train_Isaac_M_Scott_05.png,train,Isaac_M_Scott,Isaac_M_Scott_05.png,VALID,1728,1445,1,uint8,PNG,0,255,90.14,82.4,1.772,2.825,False,51476,2.0615,
train_Isaac_M_Scott_06.png,train,Isaac_M_Scott,Isaac_M_Scott_06.png,VALID,1728,1465,1,uint8,PNG,0,255,75.17,70.62,1.739,1.591,False,51703,2.0424,
train_Montana_01.png,train,Montana,Montana_01.png,VALID,1728,2650,1,uint8,PNG,0,255,38.52,45.65,6.044,0.209,False,388616,8.4865,
train_Montana_02.png,train,Montana,Montana_02.png,VALID,1728,2210,1,uint8,PNG,0,255,39.33,44.77,6.314,0.15,False,298565,7.8181,
train_Montana_03.png,train,Montana,Montana_03.png,VALID,1728,2637,1,uint8,PNG,0,255,37.05,43.94,7.198,0.144,False,366091,8.0341,
train_Montana_04.png,train,Montana,Montana_04.png,VALID,1728,2646,1,uint8,PNG,0,255,39.24,44.53,6.199,0.134,False,181355,3.9664,
train_Montana_05.png,train,Montana,Montana_05.png,VALID,1728,2673,1,uint8,PNG,0,255,41.3,48.81,5.556,0.286,False,380669,8.2415,
train_Montana_06.png,train,Montana,Montana_06.png,VALID,1728,2671,1,uint8,PNG,0,255,36.15,43.21,8.094,0.146,False,456217,9.8845,
train_Montana_07.png,train,Montana,Montana_07.png,VALID,1728,2673,1,uint8,PNG,0,255,34.98,42.3,8.772,0.149,False,501111,10.849,
train_Montana_08.png,train,Montana,Montana_08.png,VALID,1728,2646,1,uint8,PNG,0,255,37.75,45.52,5.551,0.208,False,428391,9.3693,
train_Near_Shore_01.png,train,Near_Shore,Near_Shore_01.png,VALID,1728,9291,1,uint8,PNG,0,255,80.0,64.37,1.054,1.482,False,14094,0.0878,
train_Near_Shore_02.png,train,Near_Shore,Near_Shore_02.png,VALID,1728,9404,1,uint8,PNG,0,255,80.91,64.37,1.001,1.485,False,207653,1.2779,
train_Near_Shore_03.png,train,Near_Shore,Near_Shore_03.png,VALID,1728,9167,1,uint8,PNG,0,255,82.32,64.96,1.013,1.555,False,7032,0.0444,
train_Near_Shore_04.png,train,Near_Shore,Near_Shore_04.png,VALID,1728,9327,1,uint8,PNG,0,255,82.91,65.21,1.009,1.551,False,153218,0.9507,
train_Near_Shore_05.png,train,Near_Shore,Near_Shore_05.png,VALID,1728,9128,1,uint8,PNG,0,255,83.65,66.04,1.028,1.644,False,310130,1.9662,
train_Near_Shore_06.png,train,Near_Shore,Near_Shore_06.png,VALID,1728,9402,1,uint8,PNG,0,255,89.23,67.65,0.986,1.924,True,0,0.0,
train_Oscar_T_Flint_01.png,train,Oscar_T_Flint,Oscar_T_Flint_01.png,VALID,1728,3984,1,uint8,PNG,0,255,97.37,74.22,2.191,2.746,True,0,0.0,
train_Oscar_T_Flint_02.png,train,Oscar_T_Flint,Oscar_T_Flint_02.png,VALID,1728,3488,1,uint8,PNG,0,255,95.12,71.93,2.203,2.403,True,0,0.0,
train_Oscar_T_Flint_03.png,train,Oscar_T_Flint,Oscar_T_Flint_03.png,VALID,1728,3888,1,uint8,PNG,0,255,94.07,72.99,2.298,2.441,False,41718,0.6209,
train_Oscar_T_Flint_04.png,train,Oscar_T_Flint,Oscar_T_Flint_04.png,VALID,1728,3920,1,uint8,PNG,0,255,92.02,69.89,2.07,2.1,False,102488,1.513,
train_Oscar_T_Flint_05.png,train,Oscar_T_Flint,Oscar_T_Flint_05.png,VALID,1728,3824,1,uint8,PNG,0,255,91.67,69.96,2.201,1.995,False,70376,1.065,
train_Oscar_T_Flint_06.png,train,Oscar_T_Flint,Oscar_T_Flint_06.png,VALID,1728,4020,1,uint8,PNG,0,255,90.72,66.82,2.227,1.645,True,0,0.0,
train_Oscar_T_Flint_07.png,train,Oscar_T_Flint,Oscar_T_Flint_07.png,VALID,1728,3082,1,uint8,PNG,0,255,88.62,67.51,2.221,1.691,True,0,0.0,
train_Oscar_T_Flint_08.png,train,Oscar_T_Flint,Oscar_T_Flint_08.png,VALID,1728,3829,1,uint8,PNG,0,255,88.61,67.93,3.555,1.758,True,0,0.0,
train_Oscar_T_Flint_09.png,train,Oscar_T_Flint,Oscar_T_Flint_09.png,VALID,1728,1821,1,uint8,PNG,0,255,94.53,62.17,2.102,1.57,True,0,0.0,
train_Oscar_T_Flint_10.png,train,Oscar_T_Flint,Oscar_T_Flint_10.png,VALID,1728,1857,1,uint8,PNG,0,255,88.17,58.78,2.076,1.198,False,11111,0.3463,
train_Oscar_T_Flint_11.png,train,Oscar_T_Flint,Oscar_T_Flint_11.png,VALID,1728,1878,1,uint8,PNG,0,255,86.17,57.01,2.021,1.02,False,30132,0.9285,
train_Oscar_T_Flint_12.png,train,Oscar_T_Flint,Oscar_T_Flint_12.png,VALID,1728,1861,1,uint8,PNG,0,255,84.8,53.96,2.165,0.874,False,20478,0.6368,
train_Oscar_T_Flint_13.png,train,Oscar_T_Flint,Oscar_T_Flint_13.png,VALID,1728,1884,1,uint8,PNG,0,255,81.7,54.49,2.121,0.783,False,33347,1.0243,
train_Oscar_T_Flint_14.png,train,Oscar_T_Flint,Oscar_T_Flint_14.png,VALID,1728,1863,1,uint8,PNG,0,255,79.41,53.04,2.208,0.72,False,9585,0.2977,
train_Oscar_T_Flint_15.png,train,Oscar_T_Flint,Oscar_T_Flint_15.png,VALID,1728,1875,1,uint8,PNG,0,255,83.77,52.87,2.345,0.76,True,0,0.0,
train_Oscar_T_Flint_16.png,train,Oscar_T_Flint,Oscar_T_Flint_16.png,VALID,1728,1926,1,uint8,PNG,0,255,109.04,72.93,1.642,4.467,True,0,0.0,
train_Oscar_T_Flint_17.png,train,Oscar_T_Flint,Oscar_T_Flint_17.png,VALID,1728,2000,1,uint8,PNG,0,255,115.35,75.41,1.145,5.357,True,0,0.0,
train_Oscar_T_Flint_18.png,train,Oscar_T_Flint,Oscar_T_Flint_18.png,VALID,1728,1953,1,uint8,PNG,0,255,117.02,75.55,1.217,5.308,True,0,0.0,
train_Oscar_T_Flint_19.png,train,Oscar_T_Flint,Oscar_T_Flint_19.png,VALID,1728,1978,1,uint8,PNG,0,255,119.26,75.78,1.196,5.791,True,0,0.0,
train_Oscar_T_Flint_20.png,train,Oscar_T_Flint,Oscar_T_Flint_20.png,VALID,1728,1982,1,uint8,PNG,0,255,119.64,74.37,1.362,5.225,True,0,0.0,
train_Oscar_T_Flint_21.png,train,Oscar_T_Flint,Oscar_T_Flint_21.png,VALID,1728,1934,1,uint8,PNG,0,255,123.67,76.04,1.337,6.306,True,0,0.0,
train_Oscar_T_Flint_22.png,train,Oscar_T_Flint,Oscar_T_Flint_22.png,VALID,1728,1354,1,uint8,PNG,0,255,122.71,76.54,1.286,6.31,True,0,0.0,
train_Pewabic_01.png,train,Pewabic,Pewabic_01.png,VALID,1728,1786,1,uint8,PNG,0,255,113.26,78.69,17.968,2.984,False,15579,0.5048,
train_Pewabic_02.png,train,Pewabic,Pewabic_02.png,VALID,1728,1825,1,uint8,PNG,0,255,105.53,75.11,18.385,2.215,False,23737,0.7527,
train_Pewabic_03.png,train,Pewabic,Pewabic_03.png,VALID,1728,1818,1,uint8,PNG,0,255,109.4,76.05,18.042,2.521,False,13549,0.4313,
train_Pewabic_04.png,train,Pewabic,Pewabic_04.png,VALID,1728,1810,1,uint8,PNG,0,255,106.08,76.05,18.301,2.419,False,18729,0.5988,
train_Pewabic_05.png,train,Pewabic,Pewabic_05.png,VALID,1728,1834,1,uint8,PNG,0,255,104.72,75.54,18.189,2.321,False,23016,0.7263,
train_WP_Rend_01.png,train,WP_Rend,WP_Rend_01.png,VALID,1728,1799,1,uint8,PNG,0,255,28.94,32.12,8.581,0.204,True,0,0.0,
train_WP_Rend_02.png,train,WP_Rend,WP_Rend_02.png,VALID,1728,1905,1,uint8,PNG,0,255,34.33,35.7,8.3,0.229,False,76213,2.3152,
train_WP_Rend_03.png,train,WP_Rend,WP_Rend_03.png,SUSPICIOUS,1728,29,1,uint8,PNG,0,255,29.82,24.98,7.687,0.12,True,0,0.0,EXTREMELY_SHORT_HEIGHT_29PX (threshold: 64px)
train_WP_Rend_04.png,train,WP_Rend,WP_Rend_04.png,VALID,1728,1912,1,uint8,PNG,0,255,34.83,35.52,7.988,0.231,False,157344,4.7623,
train_WP_Rend_05.png,train,WP_Rend,WP_Rend_05.png,VALID,1728,1866,1,uint8,PNG,0,255,33.14,30.16,7.644,0.18,False,105714,3.2785,
train_WP_Rend_06.png,train,WP_Rend,WP_Rend_06.png,VALID,1728,1897,1,uint8,PNG,0,255,31.35,29.29,8.369,0.193,False,113965,3.4766,
train_WP_Rend_07.png,train,WP_Rend,WP_Rend_07.png,VALID,1728,1870,1,uint8,PNG,0,255,34.47,28.93,8.221,0.169,False,36106,1.1174,
train_WP_Rend_08.png,train,WP_Rend,WP_Rend_08.png,VALID,1728,5696,1,uint8,PNG,0,255,47.12,38.57,7.915,0.226,True,0,0.0,
train_WP_Rend_09.png,train,WP_Rend,WP_Rend_09.png,VALID,1728,5592,1,uint8,PNG,0,255,45.31,38.83,8.133,0.246,False,351423,3.6368,
train_WP_Rend_10.png,train,WP_Rend,WP_Rend_10.png,VALID,1728,5598,1,uint8,PNG,0,255,53.57,46.37,7.906,0.437,False,333292,3.4455,
train_WP_Rend_11.png,train,WP_Rend,WP_Rend_11.png,VALID,1728,5604,1,uint8,PNG,0,255,55.46,47.64,8.575,0.453,False,325022,3.3564,
