component_id,filename,split,x,y,bbox_width,bbox_height,bbox_area,pixel_area,aspect_ratio
test_Artificial_Reef_06.png_comp_001,Artificial_Reef_06.png,test,485,1266,239,165,39435,11513,1.448
test_Artificial_Reef_06.png_comp_002,Artificial_Reef_06.png,test,707,1292,8,7,56,31,1.143
test_Artificial_Reef_06.png_comp_003,Artificial_Reef_06.png,test,568,1369,55,29,1595,206,1.897
test_Artificial_Reef_06.png_comp_004,Artificial_Reef_06.png,test,560,1399,6,9,54,35,0.667
test_Artificial_Reef_06.png_comp_005,Artificial_Reef_06.png,test,546,1412,11,10,110,68,1.1
test_Barge_No_1_02.png_comp_001,Barge_No_1_02.png,test,0,630,173,447,77331,36663,0.387
test_Barge_No_1_03.png_comp_001,Barge_No_1_03.png,test,1242,1613,28,37,1036,522,0.757
test_Barge_No_1_03.png_comp_002,Barge_No_1_03.png,test,1202,1647,15,32,480,244,0.469
test_Barge_No_1_03.png_comp_003,Barge_No_1_03.png,test,1036,1653,301,403,121303,49516,0.747
test_Barge_No_1_04.png_comp_001,Barge_No_1_04.png,test,922,573,106,321,34026,12439,0.33
test_Barge_No_1_04.png_comp_002,Barge_No_1_04.png,test,707,640,85,368,31280,15666,0.231
test_Barge_No_1_04.png_comp_003,Barge_No_1_04.png,test,629,2128,65,16,1040,487,4.062
test_Barge_No_1_05.png_comp_001,Barge_No_1_05.png,test,711,496,58,28,1624,535,2.071
test_Barge_No_1_05.png_comp_002,Barge_No_1_05.png,test,1645,575,30,46,1380,745,0.652
test_Barge_No_1_05.png_comp_003,Barge_No_1_05.png,test,174,1580,318,431,137058,51925,0.738
test_Barge_No_1_05.png_comp_004,Barge_No_1_05.png,test,350,1608,22,31,682,365,0.71
test_Barge_No_1_06.png_comp_001,Barge_No_1_06.png,test,1563,523,165,457,75405,44858,0.361
test_Barge_No_1_14.png_comp_001,Barge_No_1_14.png,test,1292,487,79,15,1185,732,5.267
test_Barge_No_1_14.png_comp_002,Barge_No_1_14.png,test,1475,1797,198,552,109296,62015,0.359
test_Barge_No_1_14.png_comp_003,Barge_No_1_14.png,test,1478,1838,42,33,1386,559,1.273
test_Barge_No_1_14.png_comp_004,Barge_No_1_14.png,test,1230,2179,9,6,54,20,1.5
test_Barge_No_1_14.png_comp_005,Barge_No_1_14.png,test,1368,2202,7,18,126,58,0.389
test_Barge_No_1_14.png_comp_006,Barge_No_1_14.png,test,1226,2210,7,10,70,43,0.7
test_Barge_No_1_14.png_comp_007,Barge_No_1_14.png,test,1213,2233,10,14,140,52,0.714
test_Barge_No_1_14.png_comp_008,Barge_No_1_14.png,test,1244,2518,10,33,330,152,0.303
test_Barge_No_1_15.png_comp_001,Barge_No_1_15.png,test,1001,725,190,558,106020,64355,0.341
test_Barge_No_1_15.png_comp_002,Barge_No_1_15.png,test,1169,2594,79,15,1185,740,5.267
test_Barge_No_1_15.png_comp_003,Barge_No_1_15.png,test,153,2673,32,81,2592,592,0.395
test_Corsair_02.png_comp_001,Corsair_02.png,test,397,849,172,96,16512,7399,1.792
test_Corsair_02.png_comp_002,Corsair_02.png,test,383,919,8,14,112,68,0.571
test_Corsair_02.png_comp_003,Corsair_02.png,test,423,932,46,21,966,770,2.19
test_Corsair_03.png_comp_001,Corsair_03.png,test,217,901,229,86,19694,11977,2.663
test_Corsican_02.png_comp_001,Corsican_02.png,test,302,715,227,105,23835,8936,2.162
test_Corsican_03.png_comp_001,Corsican_03.png,test,352,711,205,68,13940,7180,3.015
test_Corsican_05.png_comp_001,Corsican_05.png,test,1206,2103,183,133,24339,7443,1.376
test_Corsican_06.png_comp_001,Corsican_06.png,test,1213,324,180,145,26100,9368,1.241
test_Haltiner_Barge_01.png_comp_001,Haltiner_Barge_01.png,test,1535,145,193,326,62918,47054,0.592
test_Haltiner_Barge_01.png_comp_002,Haltiner_Barge_01.png,test,1094,218,28,68,1904,568,0.412
test_Haltiner_Barge_02.png_comp_001,Haltiner_Barge_02.png,test,0,72,85,102,8670,3487,0.833
test_Haltiner_Barge_02.png_comp_002,Haltiner_Barge_02.png,test,155,344,232,324,75168,54281,0.716
test_Haltiner_Barge_03.png_comp_001,Haltiner_Barge_03.png,test,1237,407,109,124,13516,8439,0.879
test_Haltiner_Barge_03.png_comp_002,Haltiner_Barge_03.png,test,1330,595,78,26,2028,1138,3.0
test_Haltiner_Barge_04.png_comp_001,Haltiner_Barge_04.png,test,585,12,98,68,6664,2371,1.441
test_Haltiner_Barge_04.png_comp_002,Haltiner_Barge_04.png,test,643,144,104,119,12376,8144,0.874
test_Haltiner_Barge_04.png_comp_003,Haltiner_Barge_04.png,test,132,315,31,31,961,353,1.0
test_Haltiner_Barge_04.png_comp_004,Haltiner_Barge_04.png,test,175,325,9,33,297,169,0.273
test_Haltiner_Barge_04.png_comp_005,Haltiner_Barge_04.png,test,191,529,121,122,14762,3253,0.992
test_Haltiner_Barge_05.png_comp_001,Haltiner_Barge_05.png,test,1156,73,130,110,14300,3150,1.182
test_Haltiner_Barge_05.png_comp_002,Haltiner_Barge_05.png,test,1279,112,26,15,390,148,1.733
test_Haltiner_Barge_05.png_comp_003,Haltiner_Barge_05.png,test,1264,358,21,33,693,323,0.636
test_Haltiner_Barge_05.png_comp_004,Haltiner_Barge_05.png,test,1283,373,24,31,744,368,0.774
test_Haltiner_Barge_05.png_comp_005,Haltiner_Barge_05.png,test,677,425,110,116,12760,7409,0.948
test_Haltiner_Barge_05.png_comp_006,Haltiner_Barge_05.png,test,729,609,83,48,3984,1537,1.729
test_Haltiner_Barge_06.png_comp_001,Haltiner_Barge_06.png,test,1153,0,96,66,6336,2366,1.455
test_Haltiner_Barge_06.png_comp_002,Haltiner_Barge_06.png,test,1208,130,99,120,11880,8486,0.825
test_Haltiner_Barge_06.png_comp_003,Haltiner_Barge_06.png,test,698,301,22,31,682,455,0.71
test_Haltiner_Barge_06.png_comp_004,Haltiner_Barge_06.png,test,721,315,19,23,437,298,0.826
test_Haltiner_Barge_06.png_comp_005,Haltiner_Barge_06.png,test,748,523,91,106,9646,2197,0.858
test_Haltiner_Barge_06.png_comp_006,Haltiner_Barge_06.png,test,708,566,67,57,3819,1779,1.175
test_Haltiner_Barge_07.png_comp_001,Haltiner_Barge_07.png,test,612,50,124,105,13020,2677,1.181
test_Haltiner_Barge_07.png_comp_002,Haltiner_Barge_07.png,test,693,57,89,60,5340,2228,1.483
test_Haltiner_Barge_07.png_comp_003,Haltiner_Barge_07.png,test,716,341,19,21,399,237,0.905
test_Haltiner_Barge_07.png_comp_004,Haltiner_Barge_07.png,test,741,345,29,36,1044,503,0.806
test_James_Davidson_01.png_comp_001,James_Davidson_01.png,test,364,617,189,331,62559,21303,0.571
test_James_Davidson_01.png_comp_002,James_Davidson_01.png,test,208,6646,80,77,6160,1922,1.039
test_James_Davidson_02.png_comp_001,James_Davidson_02.png,test,1290,5019,39,129,5031,2410,0.302
test_James_Davidson_02.png_comp_002,James_Davidson_02.png,test,1340,5701,383,336,128688,33557,1.14
test_James_Davidson_03.png_comp_001,James_Davidson_03.png,test,95,4598,103,62,6386,1799,1.661
test_James_Davidson_04.png_comp_001,James_Davidson_04.png,test,379,605,124,95,11780,3123,1.305
test_James_Davidson_04.png_comp_002,James_Davidson_04.png,test,0,990,280,482,134960,67188,0.581
test_Lucinda_van_Valkenburg_05.png_comp_001,Lucinda_van_Valkenburg_05.png,test,2,1384,177,81,14337,7046,2.185
test_Lucinda_van_Valkenburg_06.png_comp_001,Lucinda_van_Valkenburg_06.png,test,657,398,88,73,6424,4107,1.205
test_Lucinda_van_Valkenburg_06.png_comp_002,Lucinda_van_Valkenburg_06.png,test,1087,480,44,32,1408,1071,1.375
test_Lucinda_van_Valkenburg_06.png_comp_003,Lucinda_van_Valkenburg_06.png,test,1051,483,17,17,289,162,1.0
test_Lucinda_van_Valkenburg_06.png_comp_004,Lucinda_van_Valkenburg_06.png,test,1439,495,38,58,2204,1169,0.655
test_Lucinda_van_Valkenburg_06.png_comp_005,Lucinda_van_Valkenburg_06.png,test,1,500,31,17,527,248,1.824
test_Lucinda_van_Valkenburg_06.png_comp_006,Lucinda_van_Valkenburg_06.png,test,15,538,42,60,2520,1037,0.7
test_Lucinda_van_Valkenburg_06.png_comp_007,Lucinda_van_Valkenburg_06.png,test,94,540,24,25,600,416,0.96
test_Lucinda_van_Valkenburg_06.png_comp_008,Lucinda_van_Valkenburg_06.png,test,1226,559,16,97,1552,1085,0.165
test_Lucinda_van_Valkenburg_06.png_comp_009,Lucinda_van_Valkenburg_06.png,test,1286,568,80,115,9200,1885,0.696
test_Lucinda_van_Valkenburg_06.png_comp_010,Lucinda_van_Valkenburg_06.png,test,1064,585,35,130,4550,1126,0.269
test_Lucinda_van_Valkenburg_06.png_comp_011,Lucinda_van_Valkenburg_06.png,test,1135,602,64,80,5120,1670,0.8
test_Lucinda_van_Valkenburg_06.png_comp_012,Lucinda_van_Valkenburg_06.png,test,1082,606,31,152,4712,1784,0.204
test_Lucinda_van_Valkenburg_06.png_comp_013,Lucinda_van_Valkenburg_06.png,test,1289,625,46,51,2346,469,0.902
test_Lucinda_van_Valkenburg_06.png_comp_014,Lucinda_van_Valkenburg_06.png,test,1371,630,20,67,1340,691,0.299
test_Lucinda_van_Valkenburg_06.png_comp_015,Lucinda_van_Valkenburg_06.png,test,1100,646,67,60,4020,2238,1.117
test_Lucinda_van_Valkenburg_06.png_comp_016,Lucinda_van_Valkenburg_06.png,test,1126,675,492,780,383760,201398,0.631
test_Lucinda_van_Valkenburg_06.png_comp_017,Lucinda_van_Valkenburg_06.png,test,1084,868,61,89,5429,1235,0.685
test_Lucinda_van_Valkenburg_06.png_comp_018,Lucinda_van_Valkenburg_06.png,test,1129,1212,64,43,2752,1651,1.488
test_Lucinda_van_Valkenburg_06.png_comp_019,Lucinda_van_Valkenburg_06.png,test,1176,1418,18,13,234,118,1.385
test_Lucinda_van_Valkenburg_06.png_comp_020,Lucinda_van_Valkenburg_06.png,test,1162,1437,10,26,260,154,0.385
test_Lucinda_van_Valkenburg_06.png_comp_021,Lucinda_van_Valkenburg_06.png,test,1108,1458,19,26,494,289,0.731
test_Lucinda_van_Valkenburg_06.png_comp_022,Lucinda_van_Valkenburg_06.png,test,1505,1551,26,16,416,163,1.625
test_Lucinda_van_Valkenburg_07.png_comp_001,Lucinda_van_Valkenburg_07.png,test,1655,119,43,38,1634,680,1.132
test_Lucinda_van_Valkenburg_07.png_comp_002,Lucinda_van_Valkenburg_07.png,test,1492,363,27,27,729,425,1.0
test_Lucinda_van_Valkenburg_07.png_comp_003,Lucinda_van_Valkenburg_07.png,test,1442,385,18,23,414,232,0.783
test_Lucinda_van_Valkenburg_07.png_comp_004,Lucinda_van_Valkenburg_07.png,test,1159,405,24,28,672,307,0.857
test_Lucinda_van_Valkenburg_07.png_comp_005,Lucinda_van_Valkenburg_07.png,test,992,413,552,877,484104,212191,0.629
test_Lucinda_van_Valkenburg_07.png_comp_006,Lucinda_van_Valkenburg_07.png,test,1428,412,20,11,220,97,1.818
test_Lucinda_van_Valkenburg_07.png_comp_007,Lucinda_van_Valkenburg_07.png,test,1214,414,26,13,338,161,2.0
test_Lucinda_van_Valkenburg_07.png_comp_008,Lucinda_van_Valkenburg_07.png,test,1060,727,32,56,1792,651,0.571
test_Lucinda_van_Valkenburg_07.png_comp_009,Lucinda_van_Valkenburg_07.png,test,1028,852,21,70,1470,778,0.3
test_Lucinda_van_Valkenburg_07.png_comp_010,Lucinda_van_Valkenburg_07.png,test,1027,946,57,53,3021,889,1.075
test_Lucinda_van_Valkenburg_07.png_comp_011,Lucinda_van_Valkenburg_07.png,test,1516,1157,69,83,5727,1988,0.831
test_Lucinda_van_Valkenburg_07.png_comp_012,Lucinda_van_Valkenburg_07.png,test,1551,1157,83,75,6225,3304,1.107
test_Lucinda_van_Valkenburg_07.png_comp_013,Lucinda_van_Valkenburg_07.png,test,1384,1173,40,49,1960,666,0.816
test_Lucinda_van_Valkenburg_07.png_comp_014,Lucinda_van_Valkenburg_07.png,test,1667,1176,58,48,2784,1334,1.208
test_Lucinda_van_Valkenburg_07.png_comp_015,Lucinda_van_Valkenburg_07.png,test,1359,1189,66,96,6336,1003,0.688
test_Lucinda_van_Valkenburg_07.png_comp_016,Lucinda_van_Valkenburg_07.png,test,1502,1252,11,18,198,141,0.611
test_Lucinda_van_Valkenburg_07.png_comp_017,Lucinda_van_Valkenburg_07.png,test,1244,1311,37,43,1591,725,0.86
test_Lucinda_van_Valkenburg_07.png_comp_018,Lucinda_van_Valkenburg_07.png,test,1595,1324,46,36,1656,951,1.278
test_Lucinda_van_Valkenburg_07.png_comp_019,Lucinda_van_Valkenburg_07.png,test,591,1355,131,35,4585,1367,3.743
test_Lucinda_van_Valkenburg_07.png_comp_020,Lucinda_van_Valkenburg_07.png,test,589,1410,71,47,3337,991,1.511
test_Lucinda_van_Valkenburg_12.png_comp_001,Lucinda_van_Valkenburg_12.png,test,1517,1274,96,121,11616,6337,0.793
test_Lucinda_van_Valkenburg_12.png_comp_002,Lucinda_van_Valkenburg_12.png,test,1309,1306,419,376,157544,83593,1.114
test_Lucinda_van_Valkenburg_12.png_comp_003,Lucinda_van_Valkenburg_12.png,test,200,1308,9,26,234,177,0.346
test_Lucinda_van_Valkenburg_12.png_comp_004,Lucinda_van_Valkenburg_12.png,test,936,1334,90,82,7380,3665,1.098
test_Lucinda_van_Valkenburg_12.png_comp_005,Lucinda_van_Valkenburg_12.png,test,205,1369,27,35,945,606,0.771
test_Lucinda_van_Valkenburg_12.png_comp_006,Lucinda_van_Valkenburg_12.png,test,172,1397,25,27,675,451,0.926
test_Lucinda_van_Valkenburg_12.png_comp_007,Lucinda_van_Valkenburg_12.png,test,899,1416,222,119,26418,16509,1.866
test_Lucinda_van_Valkenburg_12.png_comp_008,Lucinda_van_Valkenburg_12.png,test,10,1422,68,147,9996,6661,0.463
test_Lucinda_van_Valkenburg_12.png_comp_009,Lucinda_van_Valkenburg_12.png,test,880,1530,314,220,69080,40672,1.427
test_Lucinda_van_Valkenburg_12.png_comp_010,Lucinda_van_Valkenburg_12.png,test,1107,1898,23,26,598,382,0.885
test_Lucinda_van_Valkenburg_13.png_comp_001,Lucinda_van_Valkenburg_13.png,test,203,1269,198,147,29106,11571,1.347
test_Lucinda_van_Valkenburg_13.png_comp_002,Lucinda_van_Valkenburg_13.png,test,1504,1304,124,57,7068,1258,2.175
test_Lucinda_van_Valkenburg_13.png_comp_003,Lucinda_van_Valkenburg_13.png,test,1313,1315,415,409,169735,73196,1.015
test_Lucinda_van_Valkenburg_13.png_comp_004,Lucinda_van_Valkenburg_13.png,test,172,1331,85,53,4505,937,1.604
test_Lucinda_van_Valkenburg_13.png_comp_005,Lucinda_van_Valkenburg_13.png,test,1248,1459,75,70,5250,2633,1.071
test_Lucinda_van_Valkenburg_14.png_comp_001,Lucinda_van_Valkenburg_14.png,test,1610,1094,118,94,11092,5427,1.255
test_Lucinda_van_Valkenburg_14.png_comp_002,Lucinda_van_Valkenburg_14.png,test,1306,1170,422,483,203826,88121,0.874
test_Lucinda_van_Valkenburg_14.png_comp_003,Lucinda_van_Valkenburg_14.png,test,1626,1202,37,39,1443,622,0.949
test_Lucinda_van_Valkenburg_14.png_comp_004,Lucinda_van_Valkenburg_14.png,test,898,1251,349,192,67008,19750,1.818
test_Lucinda_van_Valkenburg_14.png_comp_005,Lucinda_van_Valkenburg_14.png,test,1438,1271,54,37,1998,919,1.459
test_Lucinda_van_Valkenburg_14.png_comp_006,Lucinda_van_Valkenburg_14.png,test,319,1662,173,57,9861,3921,3.035
test_Lucinda_van_Valkenburg_14.png_comp_007,Lucinda_van_Valkenburg_14.png,test,281,1716,26,30,780,609,0.867
test_Lucinda_van_Valkenburg_14.png_comp_008,Lucinda_van_Valkenburg_14.png,test,224,1857,82,115,9430,4677,0.713
test_Lucinda_van_Valkenburg_15.png_comp_001,Lucinda_van_Valkenburg_15.png,test,1320,1238,408,538,219504,93408,0.758
test_Lucinda_van_Valkenburg_15.png_comp_002,Lucinda_van_Valkenburg_15.png,test,293,1461,9,37,333,160,0.243
test_Lucinda_van_Valkenburg_15.png_comp_003,Lucinda_van_Valkenburg_15.png,test,240,1518,162,209,33858,12101,0.775
test_Lucinda_van_Valkenburg_15.png_comp_004,Lucinda_van_Valkenburg_15.png,test,1622,1634,105,39,4095,2450,2.692
test_Lucinda_van_Valkenburg_15.png_comp_005,Lucinda_van_Valkenburg_15.png,test,303,1723,19,57,1083,438,0.333
test_Lucinda_van_Valkenburg_15.png_comp_006,Lucinda_van_Valkenburg_15.png,test,207,1737,73,21,1533,281,3.476
test_Lucinda_van_Valkenburg_15.png_comp_007,Lucinda_van_Valkenburg_15.png,test,224,1755,42,9,378,191,4.667
test_Lucinda_van_Valkenburg_16.png_comp_001,Lucinda_van_Valkenburg_16.png,test,1417,998,311,769,239159,146025,0.404
test_Lucinda_van_Valkenburg_16.png_comp_002,Lucinda_van_Valkenburg_16.png,test,1445,1119,57,58,3306,1403,0.983
test_Lucinda_van_Valkenburg_16.png_comp_003,Lucinda_van_Valkenburg_16.png,test,1609,1695,22,92,2024,722,0.239
test_Lucinda_van_Valkenburg_16.png_comp_004,Lucinda_van_Valkenburg_16.png,test,1472,1716,19,53,1007,571,0.358
test_Lucinda_van_Valkenburg_16.png_comp_005,Lucinda_van_Valkenburg_16.png,test,1578,1724,25,96,2400,735,0.26
test_Lucinda_van_Valkenburg_16.png_comp_006,Lucinda_van_Valkenburg_16.png,test,1601,1725,93,105,9765,1327,0.886
test_Lucinda_van_Valkenburg_16.png_comp_007,Lucinda_van_Valkenburg_16.png,test,1507,1735,56,93,5208,1288,0.602
test_Lucinda_van_Valkenburg_16.png_comp_008,Lucinda_van_Valkenburg_16.png,test,1607,1759,87,89,7743,718,0.978
test_Lucinda_van_Valkenburg_16.png_comp_009,Lucinda_van_Valkenburg_16.png,test,1649,1814,71,35,2485,1329,2.029
test_Lucinda_van_Valkenburg_16.png_comp_010,Lucinda_van_Valkenburg_16.png,test,1517,1912,41,39,1599,914,1.051
test_Lucinda_van_Valkenburg_16.png_comp_011,Lucinda_van_Valkenburg_16.png,test,1556,1936,32,39,1248,629,0.821
test_Lucinda_van_Valkenburg_16.png_comp_012,Lucinda_van_Valkenburg_16.png,test,1607,2044,121,63,7623,5554,1.921
test_Lucinda_van_Valkenburg_17.png_comp_001,Lucinda_van_Valkenburg_17.png,test,1328,1086,306,863,264078,136388,0.355
test_Lucinda_van_Valkenburg_17.png_comp_002,Lucinda_van_Valkenburg_17.png,test,1542,1114,54,95,5130,1030,0.568
test_Lucinda_van_Valkenburg_17.png_comp_003,Lucinda_van_Valkenburg_17.png,test,1587,1775,86,55,4730,2001,1.564
test_Lucinda_van_Valkenburg_17.png_comp_004,Lucinda_van_Valkenburg_17.png,test,1496,1890,45,29,1305,389,1.552
test_Lucinda_van_Valkenburg_18.png_comp_001,Lucinda_van_Valkenburg_18.png,test,1336,970,392,694,272048,138016,0.565
test_Lucinda_van_Valkenburg_18.png_comp_002,Lucinda_van_Valkenburg_18.png,test,1649,1052,61,44,2684,1577,1.386
test_Lucinda_van_Valkenburg_18.png_comp_003,Lucinda_van_Valkenburg_18.png,test,1431,1392,59,90,5310,833,0.656
test_Lucinda_van_Valkenburg_18.png_comp_004,Lucinda_van_Valkenburg_18.png,test,1491,1524,25,34,850,231,0.735
test_Lucinda_van_Valkenburg_19.png_comp_001,Lucinda_van_Valkenburg_19.png,test,1321,1294,407,782,318274,153132,0.52
test_Monohansett_02.png_comp_001,Monohansett_02.png,test,1297,344,81,55,4455,1414,1.473
test_Monohansett_02.png_comp_002,Monohansett_02.png,test,661,619,106,86,9116,907,1.233
test_Monohansett_02.png_comp_003,Monohansett_02.png,test,951,1838,59,55,3245,693,1.073
test_Monohansett_03.png_comp_001,Monohansett_03.png,test,1626,720,20,32,640,332,0.625
test_Monohansett_03.png_comp_002,Monohansett_03.png,test,1342,736,11,17,187,138,0.647
test_Monohansett_03.png_comp_003,Monohansett_03.png,test,1349,758,17,29,493,123,0.586
test_Monohansett_03.png_comp_004,Monohansett_03.png,test,1119,868,256,320,81920,16678,0.8
test_Monohansett_03.png_comp_005,Monohansett_03.png,test,1155,1060,18,37,666,375,0.486
test_Monohansett_03.png_comp_006,Monohansett_03.png,test,984,1154,111,119,13209,5699,0.933
test_Monohansett_03.png_comp_007,Monohansett_03.png,test,228,5310,59,67,3953,2516,0.881
test_Monohansett_03.png_comp_008,Monohansett_03.png,test,1344,7300,150,400,60000,39989,0.375
test_Monohansett_03.png_comp_009,Monohansett_03.png,test,1354,7899,81,68,5508,1236,1.191
test_Monohansett_04.png_comp_001,Monohansett_04.png,test,108,2657,123,123,15129,9383,1.0
test_Monohansett_04.png_comp_002,Monohansett_04.png,test,952,2710,100,255,25500,16191,0.392
test_Monohansett_04.png_comp_003,Monohansett_04.png,test,58,2799,237,509,120633,38439,0.466
test_Monohansett_04.png_comp_004,Monohansett_04.png,test,321,3393,11,46,506,214,0.239
test_Monohansett_04.png_comp_005,Monohansett_04.png,test,362,3403,9,30,270,160,0.3
test_Monohansett_04.png_comp_006,Monohansett_04.png,test,330,3448,6,30,180,129,0.2
test_Monohansett_04.png_comp_007,Monohansett_04.png,test,25,3767,32,101,3232,556,0.317
test_Monohansett_04.png_comp_008,Monohansett_04.png,test,715,3819,24,50,1200,376,0.48
test_Monohansett_04.png_comp_009,Monohansett_04.png,test,1015,3837,42,54,2268,601,0.778
test_Monohansett_05.png_comp_001,Monohansett_05.png,test,1530,857,25,86,2150,575,0.291
test_Monohansett_05.png_comp_002,Monohansett_05.png,test,1510,1124,43,42,1806,918,1.024
test_Monohansett_05.png_comp_003,Monohansett_05.png,test,1388,1251,12,70,840,350,0.171
test_Monohansett_05.png_comp_004,Monohansett_05.png,test,1279,1287,23,87,2001,443,0.264
test_Monohansett_05.png_comp_005,Monohansett_05.png,test,1179,1300,46,51,2346,678,0.902
test_Monohansett_05.png_comp_006,Monohansett_05.png,test,1244,1326,35,42,1470,318,0.833
test_Monohansett_05.png_comp_007,Monohansett_05.png,test,1547,1381,11,42,462,210,0.262
test_Monohansett_05.png_comp_008,Monohansett_05.png,test,1350,1415,226,545,123170,36482,0.415
test_Monohansett_05.png_comp_009,Monohansett_05.png,test,1134,1476,24,54,1296,283,0.444
test_Monohansett_05.png_comp_010,Monohansett_05.png,test,1423,1982,115,121,13915,6792,0.95
test_Monrovia_01.png_comp_001,Monrovia_01.png,test,1162,293,30,42,1260,732,0.714
test_Monrovia_01.png_comp_002,Monrovia_01.png,test,513,337,57,21,1197,648,2.714
test_Monrovia_01.png_comp_003,Monrovia_01.png,test,543,362,58,23,1334,608,2.522
test_Monrovia_01.png_comp_004,Monrovia_01.png,test,1211,421,29,36,1044,314,0.806
test_Monrovia_01.png_comp_005,Monrovia_01.png,test,939,543,390,217,84630,33675,1.797
test_Monrovia_01.png_comp_006,Monrovia_01.png,test,671,648,185,99,18315,7832,1.869
test_Monrovia_01.png_comp_007,Monrovia_01.png,test,1288,656,1,1,1,1,1.0
test_Monrovia_01.png_comp_008,Monrovia_01.png,test,403,808,53,52,2756,563,1.019
test_Monrovia_02.png_comp_001,Monrovia_02.png,test,635,555,45,31,1395,574,1.452
test_Monrovia_02.png_comp_002,Monrovia_02.png,test,963,802,632,296,187072,56796,2.135
test_Monrovia_02.png_comp_003,Monrovia_02.png,test,437,878,57,20,1140,673,2.85
test_Monrovia_02.png_comp_004,Monrovia_02.png,test,655,1046,116,120,13920,8032,0.967
test_Monrovia_02.png_comp_005,Monrovia_02.png,test,1302,1114,10,55,550,289,0.182
test_Monrovia_03.png_comp_001,Monrovia_03.png,test,429,379,50,32,1600,611,1.562
test_Monrovia_03.png_comp_002,Monrovia_03.png,test,360,495,433,552,239016,66593,0.784
test_Monrovia_03.png_comp_003,Monrovia_03.png,test,1316,550,47,35,1645,652,1.343
test_Monrovia_03.png_comp_004,Monrovia_03.png,test,1284,616,12,92,1104,869,0.13
test_Monrovia_03.png_comp_005,Monrovia_03.png,test,1415,908,34,35,1190,536,0.971
test_Monrovia_03.png_comp_006,Monrovia_03.png,test,626,937,30,38,1140,302,0.789
test_Monrovia_03.png_comp_007,Monrovia_03.png,test,574,962,19,39,741,250,0.487
test_Monrovia_04.png_comp_001,Monrovia_04.png,test,1136,626,337,580,195460,74917,0.581
test_Monrovia_04.png_comp_002,Monrovia_04.png,test,1340,637,6,31,186,122,0.194
test_Monrovia_04.png_comp_003,Monrovia_04.png,test,453,787,29,33,957,486,0.879
test_Monrovia_04.png_comp_004,Monrovia_04.png,test,633,1119,34,39,1326,592,0.872
test_Monrovia_04.png_comp_005,Monrovia_04.png,test,537,1434,40,38,1520,546,1.053
test_Monrovia_05.png_comp_001,Monrovia_05.png,test,611,180,18,37,666,456,0.486
test_Monrovia_05.png_comp_002,Monrovia_05.png,test,1038,456,13,34,442,334,0.382
test_Monrovia_05.png_comp_003,Monrovia_05.png,test,1491,601,36,48,1728,825,0.75
test_Monrovia_05.png_comp_004,Monrovia_05.png,test,516,607,342,473,161766,51665,0.723
test_Monrovia_05.png_comp_005,Monrovia_05.png,test,944,984,97,166,16102,8165,0.584
test_Monrovia_05.png_comp_006,Monrovia_05.png,test,270,1111,15,15,225,136,1.0
test_Monrovia_05.png_comp_007,Monrovia_05.png,test,218,1120,42,16,672,231,2.625
test_Monrovia_05.png_comp_008,Monrovia_05.png,test,498,1210,22,39,858,623,0.564
test_Monrovia_06.png_comp_001,Monrovia_06.png,test,1497,438,24,35,840,609,0.686
test_Monrovia_06.png_comp_002,Monrovia_06.png,test,1445,522,10,53,530,214,0.189
test_Monrovia_06.png_comp_003,Monrovia_06.png,test,1036,532,483,543,262269,80806,0.89
test_Monrovia_06.png_comp_004,Monrovia_06.png,test,1056,686,46,15,690,182,3.067
test_Monrovia_06.png_comp_005,Monrovia_06.png,test,501,1032,36,39,1404,612,0.923
test_Monrovia_06.png_comp_006,Monrovia_06.png,test,1128,1186,28,36,1008,570,0.778
test_Monrovia_06.png_comp_007,Monrovia_06.png,test,1376,1462,20,42,840,564,0.476
test_Monrovia_07.png_comp_001,Monrovia_07.png,test,550,623,55,24,1320,542,2.292
test_Monrovia_07.png_comp_002,Monrovia_07.png,test,506,833,293,268,78524,26904,1.093
test_Monrovia_07.png_comp_003,Monrovia_07.png,test,916,899,144,141,20304,11015,1.021
test_Monrovia_07.png_comp_004,Monrovia_07.png,test,685,1000,17,18,306,144,0.944
test_Monrovia_07.png_comp_005,Monrovia_07.png,test,282,1189,41,37,1517,645,1.108
test_Monrovia_07.png_comp_006,Monrovia_07.png,test,1171,1332,49,35,1715,728,1.4
test_Monrovia_08.png_comp_001,Monrovia_08.png,test,1225,362,54,29,1566,582,1.862
test_Monrovia_08.png_comp_002,Monrovia_08.png,test,1226,392,35,39,1365,545,0.897
test_Monrovia_08.png_comp_003,Monrovia_08.png,test,1655,548,38,28,1064,425,1.357
test_Monrovia_08.png_comp_004,Monrovia_08.png,test,1562,606,25,19,475,166,1.316
test_Monrovia_08.png_comp_005,Monrovia_08.png,test,592,609,260,146,37960,14783,1.781
test_Monrovia_08.png_comp_006,Monrovia_08.png,test,1272,615,20,17,340,111,1.176
test_Monrovia_08.png_comp_007,Monrovia_08.png,test,1578,617,17,16,272,91,1.062
test_Monrovia_08.png_comp_008,Monrovia_08.png,test,1204,633,78,24,1872,1109,3.25
test_Monrovia_08.png_comp_009,Monrovia_08.png,test,915,644,596,248,147808,64191,2.403
test_Monrovia_08.png_comp_010,Monrovia_08.png,test,1351,1076,47,29,1363,519,1.621
test_Shamrock_01.png_comp_001,Shamrock_01.png,test,0,550,512,141,72192,54827,3.631
test_Shamrock_01.png_comp_002,Shamrock_01.png,test,1,1284,115,111,12765,7904,1.036
test_Shamrock_02.png_comp_001,Shamrock_02.png,test,1642,508,86,103,8858,5315,0.835
test_Shamrock_02.png_comp_002,Shamrock_02.png,test,1317,1223,411,113,46443,35774,3.637
test_Shamrock_03.png_comp_001,Shamrock_03.png,test,50,666,544,150,81600,64078,3.627
test_Shamrock_03.png_comp_002,Shamrock_03.png,test,0,1671,69,60,4140,2514,1.15
test_Viator_01.png_comp_001,Viator_01.png,test,39,1697,344,176,60544,31791,1.955
test_Viator_01.png_comp_002,Viator_01.png,test,1445,1812,198,119,23562,15645,1.664
test_Viator_02.png_comp_001,Viator_02.png,test,1484,1672,244,196,47824,25480,1.245
test_Viator_02.png_comp_002,Viator_02.png,test,865,1781,325,112,36400,27785,2.902
test_Viator_02.png_comp_003,Viator_02.png,test,1630,1873,61,39,2379,1252,1.564
test_Viator_04.png_comp_001,Viator_04.png,test,427,989,324,119,38556,19947,2.723
test_Viator_04.png_comp_002,Viator_04.png,test,1025,1060,134,81,10854,6328,1.654
test_Viator_04.png_comp_003,Viator_04.png,test,679,1126,23,32,736,217,0.719
test_Viator_05.png_comp_001,Viator_05.png,test,1045,990,515,142,73130,30764,3.627
test_Viator_06.png_comp_001,Viator_06.png,test,983,994,192,169,32448,11795,1.136
test_Viator_06.png_comp_002,Viator_06.png,test,486,1079,277,161,44597,22054,1.72
test_Viator_07.png_comp_001,Viator_07.png,test,1041,908,373,265,98845,33314,1.408
test_Viator_08.png_comp_001,Viator_08.png,test,1009,939,228,401,91428,36206,0.569
test_Viator_09.png_comp_001,Viator_09.png,test,991,814,130,411,53430,26700,0.316
test_Viator_10.png_comp_001,Viator_10.png,test,1109,937,394,328,129232,38895,1.201
test_Viator_11.png_comp_001,Viator_11.png,test,544,862,198,319,63162,25293,0.621
test_WH_Gilbert_01.png_comp_001,WH_Gilbert_01.png,test,1333,349,394,136,53584,23008,2.897
test_WH_Gilbert_01.png_comp_002,WH_Gilbert_01.png,test,1511,491,11,10,110,74,1.1
test_WH_Gilbert_01.png_comp_003,WH_Gilbert_01.png,test,1355,493,9,11,99,55,0.818
test_WH_Gilbert_01.png_comp_004,WH_Gilbert_01.png,test,1461,492,14,12,168,110,1.167
test_WH_Gilbert_01.png_comp_005,WH_Gilbert_01.png,test,1540,559,12,11,132,87,1.091
test_WH_Gilbert_01.png_comp_006,WH_Gilbert_01.png,test,1303,723,5,10,50,45,0.5
test_WH_Gilbert_01.png_comp_007,WH_Gilbert_01.png,test,1360,823,17,17,289,172,1.0
test_WH_Gilbert_02.png_comp_001,WH_Gilbert_02.png,test,1521,114,8,10,80,47,0.8
test_WH_Gilbert_02.png_comp_002,WH_Gilbert_02.png,test,1512,121,6,8,48,26,0.75
test_WH_Gilbert_02.png_comp_003,WH_Gilbert_02.png,test,1597,177,10,11,110,57,0.909
test_WH_Gilbert_02.png_comp_004,WH_Gilbert_02.png,test,1548,181,7,9,63,38,0.778
test_WH_Gilbert_02.png_comp_005,WH_Gilbert_02.png,test,1675,195,7,9,63,49,0.778
test_WH_Gilbert_02.png_comp_006,WH_Gilbert_02.png,test,1234,204,479,144,68976,24266,3.326
test_WH_Gilbert_04.png_comp_001,WH_Gilbert_04.png,test,273,472,12,8,96,62,1.5
test_WH_Gilbert_04.png_comp_002,WH_Gilbert_04.png,test,305,479,180,356,64080,25638,0.506
test_WH_Gilbert_04.png_comp_003,WH_Gilbert_04.png,test,238,482,6,8,48,36,0.75
test_WH_Gilbert_04.png_comp_004,WH_Gilbert_04.png,test,275,488,9,8,72,36,1.125
test_WH_Gilbert_04.png_comp_005,WH_Gilbert_04.png,test,278,557,10,10,100,57,1.0
test_WH_Gilbert_04.png_comp_006,WH_Gilbert_04.png,test,249,582,9,12,108,73,0.75
test_WH_Gilbert_04.png_comp_007,WH_Gilbert_04.png,test,196,600,12,8,96,58,1.5
test_WH_Gilbert_04.png_comp_008,WH_Gilbert_04.png,test,249,617,4,10,40,34,0.4
test_WH_Gilbert_04.png_comp_009,WH_Gilbert_04.png,test,189,642,10,11,110,53,0.909
test_WH_Gilbert_05.png_comp_001,WH_Gilbert_05.png,test,544,563,174,350,60900,16037,0.497
test_WH_Gilbert_06.png_comp_001,WH_Gilbert_06.png,test,1519,447,9,8,72,43,1.125
test_WH_Gilbert_06.png_comp_002,WH_Gilbert_06.png,test,1543,455,185,328,60680,19536,0.564
test_WH_Gilbert_06.png_comp_003,WH_Gilbert_06.png,test,1484,461,6,9,54,38,0.667
test_WH_Gilbert_06.png_comp_004,WH_Gilbert_06.png,test,1523,522,10,11,110,71,0.909
test_WH_Gilbert_06.png_comp_005,WH_Gilbert_06.png,test,1497,554,6,12,72,54,0.5
test_WH_Gilbert_06.png_comp_006,WH_Gilbert_06.png,test,1527,554,10,7,70,39,1.429
test_WH_Gilbert_06.png_comp_007,WH_Gilbert_06.png,test,1444,573,10,8,80,41,1.25
test_WH_Gilbert_06.png_comp_008,WH_Gilbert_06.png,test,1495,593,4,15,60,48,0.267
test_WH_Gilbert_06.png_comp_009,WH_Gilbert_06.png,test,1436,629,8,11,88,54,0.727
test_WP_Thew_04.png_comp_001,WP_Thew_04.png,test,0,1238,489,496,242544,123418,0.986
test_WP_Thew_05.png_comp_001,WP_Thew_05.png,test,1175,628,117,137,16029,10792,0.854
test_WP_Thew_05.png_comp_002,WP_Thew_05.png,test,1153,815,56,745,41720,20042,0.075
test_WP_Thew_05.png_comp_003,WP_Thew_05.png,test,1,961,577,714,411978,193620,0.808
test_WP_Thew_05.png_comp_004,WP_Thew_05.png,test,230,981,42,75,3150,1057,0.56
test_WP_Thew_05.png_comp_005,WP_Thew_05.png,test,140,1008,86,38,3268,1491,2.263
test_WP_Thew_05.png_comp_006,WP_Thew_05.png,test,343,1037,123,84,10332,4728,1.464
test_WP_Thew_05.png_comp_007,WP_Thew_05.png,test,1347,1220,30,61,1830,574,0.492
test_WP_Thew_05.png_comp_008,WP_Thew_05.png,test,1314,1258,169,139,23491,14524,1.216
test_WP_Thew_05.png_comp_009,WP_Thew_05.png,test,1485,1376,63,59,3717,1114,1.068
test_WP_Thew_05.png_comp_010,WP_Thew_05.png,test,1210,1479,39,79,3081,808,0.494
test_WP_Thew_09.png_comp_001,WP_Thew_09.png,test,1,1213,503,531,267093,139086,0.947
test_WP_Thew_10.png_comp_001,WP_Thew_10.png,test,1187,639,126,106,13356,8869,1.189
test_WP_Thew_10.png_comp_002,WP_Thew_10.png,test,1158,782,64,765,48960,22670,0.084
test_WP_Thew_10.png_comp_003,WP_Thew_10.png,test,4,936,552,698,385296,195133,0.791
test_WP_Thew_10.png_comp_004,WP_Thew_10.png,test,175,995,81,40,3240,1436,2.025
test_WP_Thew_10.png_comp_005,WP_Thew_10.png,test,1369,1207,35,65,2275,836,0.538
test_WP_Thew_10.png_comp_006,WP_Thew_10.png,test,1331,1245,176,130,22880,13812,1.354
test_WP_Thew_10.png_comp_007,WP_Thew_10.png,test,1515,1357,53,66,3498,1131,0.803
test_WP_Thew_10.png_comp_008,WP_Thew_10.png,test,1228,1472,43,69,2967,734,0.623
test_WP_Thew_11.png_comp_001,WP_Thew_11.png,test,1030,1041,151,868,131068,91470,0.174
test_WP_Thew_11.png_comp_002,WP_Thew_11.png,test,1521,1272,56,43,2408,1014,1.302
test_WP_Thew_11.png_comp_003,WP_Thew_11.png,test,1595,1318,133,115,15295,11824,1.157
test_WP_Thew_15.png_comp_001,WP_Thew_15.png,test,558,1045,299,897,268203,147527,0.333
test_WP_Thew_15.png_comp_002,WP_Thew_15.png,test,1,1077,253,732,185196,142812,0.346
test_WP_Thew_15.png_comp_003,WP_Thew_15.png,test,1251,1686,67,103,6901,906,0.65
test_WP_Thew_15.png_comp_004,WP_Thew_15.png,test,31,1841,29,47,1363,316,0.617
test_WP_Thew_16.png_comp_001,WP_Thew_16.png,test,32,706,537,908,487596,253268,0.591
test_WP_Thew_16.png_comp_002,WP_Thew_16.png,test,417,895,46,56,2576,977,0.821
test_WP_Thew_16.png_comp_003,WP_Thew_16.png,test,1477,915,211,146,30806,17698,1.445
test_WP_Thew_16.png_comp_004,WP_Thew_16.png,test,1179,1017,291,295,85845,17448,0.986
test_WP_Thew_16.png_comp_005,WP_Thew_16.png,test,1207,1459,35,26,910,303,1.346
test_WP_Thew_16.png_comp_006,WP_Thew_16.png,test,1181,1501,95,119,11305,7343,0.798
test_WP_Thew_16.png_comp_007,WP_Thew_16.png,test,454,1553,26,83,2158,1038,0.313
test_WP_Thew_16.png_comp_008,WP_Thew_16.png,test,1557,1672,79,61,4819,2949,1.295
test_WP_Thew_16.png_comp_009,WP_Thew_16.png,test,1373,2107,52,50,2600,1304,1.04
test_WP_Thew_17.png_comp_001,WP_Thew_17.png,test,1660,563,47,44,2068,762,1.068
test_WP_Thew_17.png_comp_002,WP_Thew_17.png,test,1385,969,101,72,7272,4434,1.403
test_WP_Thew_17.png_comp_003,WP_Thew_17.png,test,1512,1007,75,54,4050,2461,1.389
test_WP_Thew_17.png_comp_004,WP_Thew_17.png,test,898,1279,282,253,71346,26091,1.115
test_WP_Thew_17.png_comp_005,WP_Thew_17.png,test,1486,1496,242,180,43560,11735,1.344
test_WP_Thew_17.png_comp_006,WP_Thew_17.png,test,1283,1637,174,139,24186,14098,1.252
train_DM_Wilson_03.png_comp_001,DM_Wilson_03.png,train,1085,3930,18,21,378,276,0.857
train_DM_Wilson_03.png_comp_002,DM_Wilson_03.png,train,1311,4004,417,413,172221,62155,1.01
train_DM_Wilson_03.png_comp_003,DM_Wilson_03.png,train,1222,4104,35,34,1190,709,1.029
train_DM_Wilson_03.png_comp_004,DM_Wilson_03.png,train,1491,4337,38,19,722,415,2.0
train_DM_Wilson_04.png_comp_001,DM_Wilson_04.png,train,475,1066,263,422,110986,34747,0.623
train_DM_Wilson_04.png_comp_002,DM_Wilson_04.png,train,998,1334,163,297,48411,21630,0.549
train_DM_Wilson_04.png_comp_003,DM_Wilson_04.png,train,1219,1519,37,22,814,502,1.682
train_DM_Wilson_04.png_comp_004,DM_Wilson_04.png,train,1401,1729,16,17,272,192,0.941
train_DM_Wilson_05.png_comp_001,DM_Wilson_05.png,train,0,4278,215,277,59555,29466,0.776
train_DM_Wilson_05.png_comp_002,DM_Wilson_05.png,train,211,4295,22,18,396,302,1.222
train_DM_Wilson_05.png_comp_003,DM_Wilson_05.png,train,106,4544,21,30,630,293,0.7
train_DM_Wilson_05.png_comp_004,DM_Wilson_05.png,train,133,4550,135,58,7830,1799,2.328
train_DM_Wilson_05.png_comp_005,DM_Wilson_05.png,train,230,4691,10,21,210,106,0.476
train_DM_Wilson_05.png_comp_006,DM_Wilson_05.png,train,384,4698,41,23,943,396,1.783
train_DM_Wilson_05.png_comp_007,DM_Wilson_05.png,train,229,4726,19,21,399,167,0.905
train_DM_Wilson_07.png_comp_001,DM_Wilson_07.png,train,1188,3790,75,93,6975,2962,0.806
train_DM_Wilson_08.png_comp_001,DM_Wilson_08.png,train,1337,780,139,94,13066,4068,1.479
train_DM_Wilson_08.png_comp_002,DM_Wilson_08.png,train,1259,814,72,72,5184,1958,1.0
train_DM_Wilson_08.png_comp_003,DM_Wilson_08.png,train,165,877,22,48,1056,502,0.458
train_DM_Wilson_08.png_comp_004,DM_Wilson_08.png,train,1348,924,57,38,2166,759,1.5
train_DM_Wilson_08.png_comp_005,DM_Wilson_08.png,train,1528,1063,65,15,975,623,4.333
train_DM_Wilson_08.png_comp_006,DM_Wilson_08.png,train,299,1103,160,66,10560,5137,2.424
train_DM_Wilson_08.png_comp_007,DM_Wilson_08.png,train,1331,1147,14,35,490,255,0.4
train_DM_Wilson_08.png_comp_008,DM_Wilson_08.png,train,1511,1148,60,34,2040,973,1.765
train_DM_Wilson_08.png_comp_009,DM_Wilson_08.png,train,1180,1158,548,381,208788,106394,1.438
train_DM_Wilson_08.png_comp_010,DM_Wilson_08.png,train,505,1162,84,110,9240,5756,0.764
train_DM_Wilson_08.png_comp_011,DM_Wilson_08.png,train,882,1352,383,290,111070,73462,1.321
train_DM_Wilson_08.png_comp_012,DM_Wilson_08.png,train,1379,1461,13,20,260,184,0.65
train_DM_Wilson_08.png_comp_013,DM_Wilson_08.png,train,1672,1765,12,20,240,163,0.6
train_DM_Wilson_08.png_comp_014,DM_Wilson_08.png,train,1533,1779,30,34,1020,724,0.882
train_DM_Wilson_09.png_comp_001,DM_Wilson_09.png,train,160,29,244,108,26352,4970,2.259
train_DM_Wilson_09.png_comp_002,DM_Wilson_09.png,train,133,1294,401,254,101854,54065,1.579
train_DM_Wilson_09.png_comp_003,DM_Wilson_09.png,train,1181,1381,547,330,180510,103753,1.658
train_DM_Wilson_09.png_comp_004,DM_Wilson_09.png,train,1556,1380,172,58,9976,2009,2.966
train_DM_Wilson_09.png_comp_005,DM_Wilson_09.png,train,1472,1394,26,26,676,416,1.0
train_DM_Wilson_09.png_comp_006,DM_Wilson_09.png,train,1380,1424,119,24,2856,718,4.958
train_DM_Wilson_09.png_comp_007,DM_Wilson_09.png,train,1521,1438,78,18,1404,918,4.333
train_DM_Wilson_09.png_comp_008,DM_Wilson_09.png,train,315,1485,143,105,15015,2577,1.362
train_DM_Wilson_09.png_comp_009,DM_Wilson_09.png,train,98,1546,56,41,2296,1371,1.366
train_DM_Wilson_09.png_comp_010,DM_Wilson_09.png,train,1336,1711,51,39,1989,925,1.308
train_DM_Wilson_09.png_comp_011,DM_Wilson_09.png,train,1542,1715,82,48,3936,624,1.708
train_DM_Wilson_09.png_comp_012,DM_Wilson_09.png,train,1298,1763,20,31,620,195,0.645
train_DM_Wilson_09.png_comp_013,DM_Wilson_09.png,train,1328,1813,51,23,1173,418,2.217
train_DM_Wilson_09.png_comp_014,DM_Wilson_09.png,train,1506,1912,76,39,2964,1316,1.949
train_DM_Wilson_09.png_comp_015,DM_Wilson_09.png,train,1439,2005,155,101,15655,3619,1.535
train_DM_Wilson_09.png_comp_016,DM_Wilson_09.png,train,1611,2086,80,50,4000,884,1.6
train_DM_Wilson_10.png_comp_001,DM_Wilson_10.png,train,884,759,370,254,93980,66619,1.457
train_DM_Wilson_10.png_comp_002,DM_Wilson_10.png,train,1408,796,45,43,1935,817,1.047
train_DM_Wilson_10.png_comp_003,DM_Wilson_10.png,train,1628,830,80,28,2240,518,2.857
train_DM_Wilson_10.png_comp_004,DM_Wilson_10.png,train,1181,834,547,359,196373,104500,1.524
train_DM_Wilson_10.png_comp_005,DM_Wilson_10.png,train,1312,849,37,37,1369,526,1.0
train_DM_Wilson_10.png_comp_006,DM_Wilson_10.png,train,443,1040,134,176,23584,13317,0.761
train_DM_Wilson_10.png_comp_007,DM_Wilson_10.png,train,178,1112,229,167,38243,11369,1.371
train_DM_Wilson_10.png_comp_008,DM_Wilson_10.png,train,1316,1164,57,23,1311,594,2.478
train_DM_Wilson_10.png_comp_009,DM_Wilson_10.png,train,1398,1167,28,23,644,381,1.217
train_DM_Wilson_10.png_comp_010,DM_Wilson_10.png,train,1413,1320,33,36,1188,862,0.917
train_DM_Wilson_11.png_comp_001,DM_Wilson_11.png,train,1401,885,33,34,1122,951,0.971
train_DM_Wilson_11.png_comp_002,DM_Wilson_11.png,train,1075,946,187,78,14586,5924,2.397
train_DM_Wilson_11.png_comp_003,DM_Wilson_11.png,train,1199,1006,529,426,225354,102633,1.242
train_DM_Wilson_11.png_comp_004,DM_Wilson_11.png,train,880,1014,208,165,34320,23407,1.261
train_DM_Wilson_11.png_comp_005,DM_Wilson_11.png,train,1440,1052,27,32,864,359,0.844
train_DM_Wilson_11.png_comp_006,DM_Wilson_11.png,train,1509,1054,22,26,572,227,0.846
train_DM_Wilson_11.png_comp_007,DM_Wilson_11.png,train,265,1266,290,268,77720,37305,1.082
train_DM_Wilson_11.png_comp_008,DM_Wilson_11.png,train,1664,1336,64,15,960,338,4.267
train_DM_Wilson_12.png_comp_001,DM_Wilson_12.png,train,1564,406,27,34,918,503,0.794
train_DM_Wilson_12.png_comp_002,DM_Wilson_12.png,train,1336,784,41,44,1804,954,0.932
train_DM_Wilson_12.png_comp_003,DM_Wilson_12.png,train,1134,797,585,988,577980,216896,0.592
train_DM_Wilson_12.png_comp_004,DM_Wilson_12.png,train,1407,1579,104,228,23712,2232,0.456
train_DM_Wilson_12.png_comp_005,DM_Wilson_12.png,train,1340,1696,37,80,2960,1177,0.463
train_DM_Wilson_12.png_comp_006,DM_Wilson_12.png,train,1333,1848,44,68,2992,688,0.647
train_DM_Wilson_12.png_comp_007,DM_Wilson_12.png,train,330,2061,42,19,798,332,2.211
train_DM_Wilson_13.png_comp_001,DM_Wilson_13.png,train,1616,1056,57,42,2394,705,1.357
train_DM_Wilson_13.png_comp_002,DM_Wilson_13.png,train,1491,1074,43,26,1118,464,1.654
train_DM_Wilson_13.png_comp_003,DM_Wilson_13.png,train,1205,1075,523,1050,549150,226053,0.498
train_DM_Wilson_13.png_comp_004,DM_Wilson_13.png,train,410,1537,27,34,918,571,0.794
train_DM_Wilson_13.png_comp_005,DM_Wilson_13.png,train,1677,1653,30,70,2100,629,0.429
train_DM_Wilson_13.png_comp_006,DM_Wilson_13.png,train,1494,2099,50,43,2150,1202,1.163
train_DM_Wilson_13.png_comp_007,DM_Wilson_13.png,train,1493,2124,61,61,3721,872,1.0
train_DM_Wilson_14.png_comp_001,DM_Wilson_14.png,train,158,658,40,40,1600,828,1.0
train_DM_Wilson_14.png_comp_002,DM_Wilson_14.png,train,1194,889,526,954,501804,190723,0.551
train_DM_Wilson_14.png_comp_003,DM_Wilson_14.png,train,348,1049,60,62,3720,1373,0.968
train_DM_Wilson_14.png_comp_004,DM_Wilson_14.png,train,1278,1561,42,49,2058,1049,0.857
train_DM_Wilson_14.png_comp_005,DM_Wilson_14.png,train,1324,1663,38,145,5510,1451,0.262
train_DM_Wilson_14.png_comp_006,DM_Wilson_14.png,train,1404,1687,30,73,2190,761,0.411
train_DM_Wilson_14.png_comp_007,DM_Wilson_14.png,train,1596,1829,29,58,1682,807,0.5
train_DM_Wilson_14.png_comp_008,DM_Wilson_14.png,train,1668,1851,57,51,2907,774,1.118
train_DM_Wilson_14.png_comp_009,DM_Wilson_14.png,train,1638,1859,89,73,6497,2179,1.219
train_DM_Wilson_14.png_comp_010,DM_Wilson_14.png,train,1439,2210,25,26,650,415,0.962
train_DM_Wilson_15.png_comp_001,DM_Wilson_15.png,train,1413,98,15,22,330,175,0.682
train_DM_Wilson_15.png_comp_002,DM_Wilson_15.png,train,1491,364,20,19,380,242,1.053
train_DM_Wilson_15.png_comp_003,DM_Wilson_15.png,train,423,649,33,49,1617,556,0.673
train_DM_Wilson_15.png_comp_004,DM_Wilson_15.png,train,1167,904,561,1183,663663,240259,0.474
train_DM_Wilson_15.png_comp_005,DM_Wilson_15.png,train,1540,978,19,43,817,322,0.442
train_DM_Wilson_15.png_comp_006,DM_Wilson_15.png,train,1478,1186,9,40,360,217,0.225
train_DM_Wilson_15.png_comp_007,DM_Wilson_15.png,train,1600,1333,69,32,2208,1288,2.156
train_DM_Wilson_21.png_comp_001,DM_Wilson_21.png,train,1438,75,39,41,1599,393,0.951
train_DR_Hanna_02.png_comp_001,DR_Hanna_02.png,train,0,1025,162,87,14094,9539,1.862
train_DR_Hanna_03.png_comp_001,DR_Hanna_03.png,train,1044,1165,684,340,232560,61654,2.012
train_DR_Hanna_03.png_comp_002,DR_Hanna_03.png,train,1089,1256,41,52,2132,605,0.788
train_DR_Hanna_04.png_comp_001,DR_Hanna_04.png,train,489,789,244,113,27572,14300,2.159
train_DR_Hanna_04.png_comp_002,DR_Hanna_04.png,train,997,840,462,189,87318,26425,2.444
train_DR_Hanna_05.png_comp_001,DR_Hanna_05.png,train,1,1175,581,285,165585,45992,2.039
train_EB_Allen_06.png_comp_001,EB_Allen_06.png,train,197,614,451,863,389213,169860,0.523
train_EB_Allen_06.png_comp_002,EB_Allen_06.png,train,529,920,62,50,3100,932,1.24
train_EB_Allen_06.png_comp_003,EB_Allen_06.png,train,459,1069,37,63,2331,848,0.587
train_EB_Allen_06.png_comp_004,EB_Allen_06.png,train,497,1242,86,185,15910,2181,0.465
train_EB_Allen_06.png_comp_005,EB_Allen_06.png,train,534,1265,17,20,340,208,0.85
train_EB_Allen_06.png_comp_006,EB_Allen_06.png,train,253,1428,163,83,13529,5708,1.964
train_EB_Allen_07.png_comp_001,EB_Allen_07.png,train,85,459,398,106,42188,5711,3.755
train_EB_Allen_07.png_comp_002,EB_Allen_07.png,train,405,468,27,37,999,720,0.73
train_EB_Allen_07.png_comp_003,EB_Allen_07.png,train,348,507,309,876,270684,172556,0.353
train_EB_Allen_07.png_comp_004,EB_Allen_07.png,train,213,533,42,70,2940,1382,0.6
train_EB_Allen_07.png_comp_005,EB_Allen_07.png,train,130,1211,50,38,1900,959,1.316
train_EB_Allen_08.png_comp_001,EB_Allen_08.png,train,972,598,87,495,43065,9339,0.176
train_EB_Allen_16.png_comp_001,EB_Allen_16.png,train,42,541,329,870,286230,159435,0.378
train_EB_Allen_16.png_comp_002,EB_Allen_16.png,train,307,855,30,45,1350,281,0.667
train_EB_Allen_16.png_comp_003,EB_Allen_16.png,train,48,955,11,26,286,207,0.423
train_EB_Allen_17.png_comp_001,EB_Allen_17.png,train,78,545,357,871,310947,156463,0.41
train_EB_Allen_17.png_comp_002,EB_Allen_17.png,train,59,579,44,96,4224,983,0.458
train_EB_Allen_18.png_comp_001,EB_Allen_18.png,train,1068,520,305,825,251625,160832,0.37
train_EB_Allen_21.png_comp_001,EB_Allen_21.png,train,1482,353,246,59,14514,3602,4.169
train_EB_Allen_21.png_comp_002,EB_Allen_21.png,train,867,381,260,878,228280,165143,0.296
train_EB_Allen_21.png_comp_003,EB_Allen_21.png,train,1629,401,99,227,22473,3112,0.436
train_EB_Allen_21.png_comp_004,EB_Allen_21.png,train,1680,564,14,57,798,351,0.246
train_EB_Allen_21.png_comp_005,EB_Allen_21.png,train,1611,858,65,56,3640,965,1.161
train_EB_Allen_22.png_comp_001,EB_Allen_22.png,train,121,725,475,862,409450,172237,0.551
train_EB_Allen_22.png_comp_002,EB_Allen_22.png,train,455,1026,59,46,2714,891,1.283
train_EB_Allen_22.png_comp_003,EB_Allen_22.png,train,393,1182,30,61,1830,484,0.492
train_EB_Allen_22.png_comp_004,EB_Allen_22.png,train,422,1349,77,185,14245,2459,0.416
train_EB_Allen_22.png_comp_005,EB_Allen_22.png,train,457,1370,18,20,360,173,0.9
train_EB_Allen_23.png_comp_001,EB_Allen_23.png,train,465,375,143,60,8580,1978,2.383
train_EB_Allen_23.png_comp_002,EB_Allen_23.png,train,561,434,51,195,9945,2461,0.262
train_EB_Allen_23.png_comp_003,EB_Allen_23.png,train,984,491,296,748,221408,94522,0.396
train_EB_Allen_23.png_comp_004,EB_Allen_23.png,train,547,897,37,46,1702,462,0.804
train_EB_Allen_24.png_comp_001,EB_Allen_24.png,train,1128,622,265,856,226840,167295,0.31
train_EB_Allen_24.png_comp_002,EB_Allen_24.png,train,1531,1399,29,31,899,537,0.935
train_EB_Allen_24.png_comp_003,EB_Allen_24.png,train,1306,1422,396,60,23760,5585,6.6
train_Egyptian_04.png_comp_001,Egyptian_04.png,train,291,1503,260,395,102700,38973,0.658
train_Egyptian_04.png_comp_002,Egyptian_04.png,train,310,1623,7,21,147,107,0.333
train_Egyptian_04.png_comp_003,Egyptian_04.png,train,63,1960,16,13,208,123,1.231
train_Egyptian_04.png_comp_004,Egyptian_04.png,train,243,1963,6,16,96,75,0.375
train_Egyptian_04.png_comp_005,Egyptian_04.png,train,28,1966,30,24,720,335,1.25
train_Egyptian_04.png_comp_006,Egyptian_04.png,train,295,1971,7,10,70,53,0.7
train_Egyptian_04.png_comp_007,Egyptian_04.png,train,433,2010,20,20,400,281,1.0
train_Egyptian_04.png_comp_008,Egyptian_04.png,train,223,2016,5,8,40,30,0.625
train_Egyptian_04.png_comp_009,Egyptian_04.png,train,264,2026,60,52,3120,1376,1.154
train_Egyptian_04.png_comp_010,Egyptian_04.png,train,361,2027,10,18,180,112,0.556
train_Egyptian_04.png_comp_011,Egyptian_04.png,train,403,2034,14,17,238,125,0.824
train_Egyptian_04.png_comp_012,Egyptian_04.png,train,441,2054,35,24,840,487,1.458
train_Egyptian_04.png_comp_013,Egyptian_04.png,train,276,2081,36,24,864,402,1.5
train_Egyptian_04.png_comp_014,Egyptian_04.png,train,551,2101,8,11,88,55,0.727
train_Egyptian_04.png_comp_015,Egyptian_04.png,train,213,2112,15,12,180,110,1.25
train_Egyptian_04.png_comp_016,Egyptian_04.png,train,266,2150,12,10,120,81,1.2
train_Egyptian_04.png_comp_017,Egyptian_04.png,train,201,2164,6,8,48,37,0.75
train_Egyptian_04.png_comp_018,Egyptian_04.png,train,427,2166,13,10,130,73,1.3
train_Egyptian_05.png_comp_001,Egyptian_05.png,train,1144,95,53,77,4081,2771,0.688
train_Egyptian_05.png_comp_002,Egyptian_05.png,train,1326,208,27,22,594,271,1.227
train_Egyptian_05.png_comp_003,Egyptian_05.png,train,1549,224,10,24,240,147,0.417
train_Egyptian_05.png_comp_004,Egyptian_05.png,train,1563,224,11,22,242,123,0.5
train_Egyptian_05.png_comp_005,Egyptian_05.png,train,1407,238,24,12,288,175,2.0
train_Egyptian_05.png_comp_006,Egyptian_05.png,train,1440,259,6,10,60,45,0.6
train_Egyptian_05.png_comp_007,Egyptian_05.png,train,532,381,103,329,33887,12780,0.313
train_Egyptian_06.png_comp_001,Egyptian_06.png,train,1511,1482,217,402,87234,37642,0.54
train_Egyptian_06.png_comp_002,Egyptian_06.png,train,1535,1601,6,22,132,90,0.273
train_Egyptian_06.png_comp_003,Egyptian_06.png,train,1554,1613,6,9,54,29,0.667
train_Egyptian_06.png_comp_004,Egyptian_06.png,train,1562,1667,10,26,260,186,0.385
train_Egyptian_06.png_comp_005,Egyptian_06.png,train,1542,1878,7,8,56,43,0.875
train_Egyptian_06.png_comp_006,Egyptian_06.png,train,1204,1941,15,9,135,101,1.667
train_Egyptian_06.png_comp_007,Egyptian_06.png,train,1467,1946,14,27,378,215,0.519
train_Egyptian_06.png_comp_008,Egyptian_06.png,train,1257,1954,31,26,806,445,1.192
train_Egyptian_06.png_comp_009,Egyptian_06.png,train,1529,1958,9,13,117,80,0.692
train_Egyptian_06.png_comp_010,Egyptian_06.png,train,1635,1995,50,49,2450,1190,1.02
train_Egyptian_06.png_comp_011,Egyptian_06.png,train,1261,2006,28,18,504,239,1.556
train_Egyptian_06.png_comp_012,Egyptian_06.png,train,1496,2010,106,51,5406,2713,2.078
train_Egyptian_06.png_comp_013,Egyptian_06.png,train,1504,2064,20,27,540,381,0.741
train_Egyptian_06.png_comp_014,Egyptian_06.png,train,1434,2088,18,29,522,296,0.621
train_Egyptian_06.png_comp_015,Egyptian_06.png,train,1510,2099,6,13,78,49,0.462
train_Egyptian_06.png_comp_016,Egyptian_06.png,train,1537,2116,7,14,98,63,0.5
train_Egyptian_08.png_comp_001,Egyptian_08.png,train,499,257,12,12,144,117,1.0
train_Egyptian_08.png_comp_002,Egyptian_08.png,train,401,276,15,9,135,84,1.667
train_Egyptian_08.png_comp_003,Egyptian_08.png,train,528,308,8,12,96,63,0.667
train_Egyptian_08.png_comp_004,Egyptian_08.png,train,298,324,9,12,108,76,0.75
train_Egyptian_08.png_comp_005,Egyptian_08.png,train,490,331,17,13,221,161,1.308
train_Egyptian_08.png_comp_006,Egyptian_08.png,train,318,333,7,7,49,28,1.0
train_Egyptian_08.png_comp_007,Egyptian_08.png,train,452,351,53,38,2014,1078,1.395
train_Egyptian_08.png_comp_008,Egyptian_08.png,train,385,352,23,14,322,205,1.643
train_Egyptian_08.png_comp_009,Egyptian_08.png,train,400,362,37,41,1517,1049,0.902
train_Egyptian_08.png_comp_010,Egyptian_08.png,train,351,489,163,312,50856,21864,0.522
train_Egyptian_09.png_comp_001,Egyptian_09.png,train,1461,432,201,320,64320,24474,0.628
train_Egyptian_09.png_comp_002,Egyptian_09.png,train,1486,539,6,21,126,98,0.286
train_Egyptian_09.png_comp_003,Egyptian_09.png,train,1504,599,21,20,420,213,1.05
train_Egyptian_09.png_comp_004,Egyptian_09.png,train,1429,802,12,25,300,147,0.48
train_Egyptian_09.png_comp_005,Egyptian_09.png,train,1275,812,32,19,608,288,1.684
train_Egyptian_09.png_comp_006,Egyptian_09.png,train,1444,842,6,11,66,51,0.545
train_Egyptian_09.png_comp_007,Egyptian_09.png,train,1574,842,4,12,48,37,0.333
train_Egyptian_09.png_comp_008,Egyptian_09.png,train,1552,857,22,36,792,269,0.611
train_Egyptian_09.png_comp_009,Egyptian_09.png,train,1581,859,14,19,266,193,0.737
train_Egyptian_09.png_comp_010,Egyptian_09.png,train,1451,869,73,30,2190,1174,2.433
train_Egyptian_09.png_comp_011,Egyptian_09.png,train,1568,870,12,14,168,126,0.857
train_Egyptian_09.png_comp_012,Egyptian_09.png,train,1588,890,25,15,375,263,1.667
train_Egyptian_09.png_comp_013,Egyptian_09.png,train,1456,902,15,24,360,261,0.625
train_Egyptian_09.png_comp_014,Egyptian_09.png,train,1700,923,9,9,81,53,1.0
train_Egyptian_09.png_comp_015,Egyptian_09.png,train,1403,930,13,14,182,89,0.929
train_Egyptian_09.png_comp_016,Egyptian_09.png,train,1575,976,15,9,135,84,1.667
train_Egyptian_09.png_comp_017,Egyptian_09.png,train,1463,987,7,10,70,47,0.7
train_Egyptian_10.png_comp_001,Egyptian_10.png,train,225,549,22,23,506,199,0.957
train_Egyptian_10.png_comp_002,Egyptian_10.png,train,324,572,10,11,110,71,0.909
train_Egyptian_10.png_comp_003,Egyptian_10.png,train,493,576,15,17,255,165,0.882
train_Egyptian_10.png_comp_004,Egyptian_10.png,train,493,605,9,10,90,72,0.9
train_Egyptian_10.png_comp_005,Egyptian_10.png,train,303,615,22,17,374,230,1.294
train_Egyptian_10.png_comp_006,Egyptian_10.png,train,156,625,11,11,121,81,1.0
train_Egyptian_10.png_comp_007,Egyptian_10.png,train,312,635,45,30,1350,985,1.5
train_Egyptian_10.png_comp_008,Egyptian_10.png,train,230,685,15,16,240,149,0.938
train_Egyptian_10.png_comp_009,Egyptian_10.png,train,269,690,24,23,552,395,1.043
train_Egyptian_10.png_comp_010,Egyptian_10.png,train,129,708,9,6,54,31,1.5
train_Egyptian_10.png_comp_011,Egyptian_10.png,train,398,729,194,304,58976,20728,0.638
train_Egyptian_11.png_comp_001,Egyptian_11.png,train,1297,237,247,318,78546,28705,0.777
train_Egyptian_11.png_comp_002,Egyptian_11.png,train,1654,576,36,26,936,555,1.385
train_Egyptian_11.png_comp_003,Egyptian_11.png,train,1561,596,5,6,30,22,0.833
train_Egyptian_11.png_comp_004,Egyptian_11.png,train,1599,606,37,20,740,458,1.85
train_Egyptian_11.png_comp_005,Egyptian_11.png,train,1552,623,8,6,48,39,1.333
train_Egyptian_11.png_comp_006,Egyptian_11.png,train,1632,626,23,15,345,184,1.533
train_Egyptian_11.png_comp_007,Egyptian_11.png,train,1420,648,16,12,192,132,1.333
train_Egyptian_11.png_comp_008,Egyptian_11.png,train,1579,662,6,10,60,42,0.6
train_Egyptian_11.png_comp_009,Egyptian_11.png,train,1422,668,21,28,588,350,0.75
train_Egyptian_11.png_comp_010,Egyptian_11.png,train,1632,690,12,20,240,141,0.6
train_Egyptian_11.png_comp_011,Egyptian_11.png,train,1363,701,18,13,234,171,1.385
train_Egyptian_11.png_comp_012,Egyptian_11.png,train,1460,708,14,29,406,182,0.483
train_Egyptian_11.png_comp_013,Egyptian_11.png,train,1558,799,8,6,48,33,1.333
train_Egyptian_12.png_comp_001,Egyptian_12.png,train,351,712,10,13,130,93,0.769
train_Egyptian_12.png_comp_002,Egyptian_12.png,train,484,732,11,22,242,133,0.5
train_Egyptian_12.png_comp_003,Egyptian_12.png,train,512,733,23,28,644,355,0.821
train_Egyptian_12.png_comp_004,Egyptian_12.png,train,533,759,6,10,60,50,0.6
train_Egyptian_12.png_comp_005,Egyptian_12.png,train,401,832,14,12,168,109,1.167
train_Egyptian_12.png_comp_006,Egyptian_12.png,train,355,862,8,9,72,40,0.889
train_Egyptian_12.png_comp_007,Egyptian_12.png,train,322,864,12,12,144,100,1.0
train_Egyptian_12.png_comp_008,Egyptian_12.png,train,419,867,28,19,532,268,1.474
train_Egyptian_12.png_comp_009,Egyptian_12.png,train,446,867,40,59,2360,1140,0.678
train_Egyptian_12.png_comp_010,Egyptian_12.png,train,1145,902,266,123,32718,12522,2.163
train_Egyptian_12.png_comp_011,Egyptian_12.png,train,1213,911,15,12,180,105,1.25
train_Egyptian_12.png_comp_012,Egyptian_12.png,train,461,938,41,29,1189,591,1.414
train_Egyptian_12.png_comp_013,Egyptian_12.png,train,339,951,11,9,99,74,1.222
train_Egyptian_12.png_comp_014,Egyptian_12.png,train,448,955,19,26,494,281,0.731
train_Egyptian_12.png_comp_015,Egyptian_12.png,train,498,972,12,20,240,108,0.6
train_Egyptian_12.png_comp_016,Egyptian_12.png,train,517,979,6,27,162,123,0.222
train_Egyptian_13.png_comp_001,Egyptian_13.png,train,478,256,111,68,7548,4141,1.632
train_Egyptian_13.png_comp_002,Egyptian_13.png,train,1358,273,10,23,230,123,0.435
train_Egyptian_13.png_comp_003,Egyptian_13.png,train,1380,281,14,23,322,145,0.609
train_Egyptian_13.png_comp_004,Egyptian_13.png,train,1437,290,22,28,616,374,0.786
train_Egyptian_13.png_comp_005,Egyptian_13.png,train,1141,293,145,102,14790,8031,1.422
train_Egyptian_13.png_comp_006,Egyptian_13.png,train,1390,295,51,48,2448,1158,1.062
train_Egyptian_13.png_comp_007,Egyptian_13.png,train,1577,316,7,11,77,57,0.636
train_Egyptian_13.png_comp_008,Egyptian_13.png,train,1412,351,49,59,2891,1503,0.831
train_Egyptian_13.png_comp_009,Egyptian_13.png,train,1465,387,21,24,504,303,0.875
train_Egyptian_13.png_comp_010,Egyptian_13.png,train,1595,392,12,23,276,182,0.522
train_Egyptian_13.png_comp_011,Egyptian_13.png,train,1565,405,8,10,80,49,0.8
train_Egyptian_13.png_comp_012,Egyptian_13.png,train,1506,431,14,10,140,73,1.4
train_Egyptian_13.png_comp_013,Egyptian_13.png,train,1473,452,12,9,108,62,1.333
train_Egyptian_13.png_comp_014,Egyptian_13.png,train,1351,507,29,21,609,238,1.381
train_Egyptian_13.png_comp_015,Egyptian_13.png,train,1410,513,16,19,304,128,0.842
train_Egyptian_13.png_comp_016,Egyptian_13.png,train,1578,535,9,9,81,54,1.0
train_Egyptian_13.png_comp_017,Egyptian_13.png,train,1335,554,13,16,208,139,0.812
train_Egyptian_14.png_comp_001,Egyptian_14.png,train,1321,744,407,186,75702,22817,2.188
train_Egyptian_14.png_comp_002,Egyptian_14.png,train,1184,845,8,14,112,83,0.571
train_Egyptian_14.png_comp_003,Egyptian_14.png,train,1185,968,61,40,2440,1317,1.525
train_Egyptian_14.png_comp_004,Egyptian_14.png,train,1270,1010,28,21,588,292,1.333
train_Egyptian_14.png_comp_005,Egyptian_14.png,train,1266,1046,10,11,110,80,0.909
train_Egyptian_15.png_comp_001,Egyptian_15.png,train,1226,214,15,15,225,95,1.0
train_Egyptian_15.png_comp_002,Egyptian_15.png,train,1222,238,5,8,40,32,0.625
train_Egyptian_15.png_comp_003,Egyptian_15.png,train,221,340,344,186,63984,19893,1.849
train_Egyptian_15.png_comp_004,Egyptian_15.png,train,1197,419,8,14,112,88,0.571
train_Egyptian_15.png_comp_005,Egyptian_15.png,train,1187,420,8,12,96,55,0.667
train_Grecian_01.png_comp_001,Grecian_01.png,train,1473,445,255,204,52020,26238,1.25
train_Grecian_02.png_comp_001,Grecian_02.png,train,118,423,548,286,156728,44612,1.916
train_Grecian_02.png_comp_002,Grecian_02.png,train,321,761,34,21,714,532,1.619
train_Grecian_02.png_comp_003,Grecian_02.png,train,260,800,52,61,3172,1880,0.852
train_Grecian_03.png_comp_001,Grecian_03.png,train,1107,236,43,49,2107,1418,0.878
train_Grecian_03.png_comp_002,Grecian_03.png,train,1063,285,32,26,832,543,1.231
train_Grecian_03.png_comp_003,Grecian_03.png,train,1240,375,35,36,1260,764,0.972
train_Grecian_03.png_comp_004,Grecian_03.png,train,1019,395,224,158,35392,14162,1.418
train_Grecian_03.png_comp_005,Grecian_03.png,train,552,486,143,164,23452,10468,0.872
train_Grecian_04.png_comp_001,Grecian_04.png,train,1023,418,529,262,138598,50460,2.019
train_Heart_Failure_02.png_comp_001,Heart_Failure_02.png,train,689,643,32,93,2976,1955,0.344
train_Heart_Failure_03.png_comp_001,Heart_Failure_03.png,train,705,124,39,95,3705,1755,0.411
train_Heart_Failure_03.png_comp_002,Heart_Failure_03.png,train,727,264,15,44,660,238,0.341
train_Heart_Failure_03.png_comp_003,Heart_Failure_03.png,train,905,289,10,37,370,195,0.27
train_Heart_Failure_03.png_comp_004,Heart_Failure_03.png,train,925,351,42,69,2898,1857,0.609
train_Heart_Failure_03.png_comp_005,Heart_Failure_03.png,train,713,380,90,29,2610,1530,3.103
train_Heart_Failure_03.png_comp_006,Heart_Failure_03.png,train,687,399,143,110,15730,5935,1.3
train_Heart_Failure_03.png_comp_007,Heart_Failure_03.png,train,899,418,104,52,5408,2927,2.0
train_Heart_Failure_07.png_comp_001,Heart_Failure_07.png,train,680,244,35,20,700,269,1.75
train_Heart_Failure_07.png_comp_002,Heart_Failure_07.png,train,591,396,36,52,1872,607,0.692
train_Heart_Failure_07.png_comp_003,Heart_Failure_07.png,train,490,673,314,49,15386,9783,6.408
train_Heart_Failure_08.png_comp_001,Heart_Failure_08.png,train,763,539,25,32,800,189,0.781
train_Heart_Failure_08.png_comp_002,Heart_Failure_08.png,train,1092,855,31,43,1333,342,0.721
train_Heart_Failure_08.png_comp_003,Heart_Failure_08.png,train,1266,864,296,235,69560,10391,1.26
train_Heart_Failure_08.png_comp_004,Heart_Failure_08.png,train,959,939,51,17,867,222,3.0
train_Heart_Failure_08.png_comp_005,Heart_Failure_08.png,train,933,1182,125,23,2875,621,5.435
train_Heart_Failure_08.png_comp_006,Heart_Failure_08.png,train,429,1195,314,63,19782,15428,4.984
train_Heart_Failure_08.png_comp_007,Heart_Failure_08.png,train,735,1354,8,23,184,91,0.348
train_Heart_Failure_08.png_comp_008,Heart_Failure_08.png,train,610,1479,43,57,2451,559,0.754
train_Heart_Failure_09.png_comp_001,Heart_Failure_09.png,train,730,689,22,94,2068,909,0.234
train_Heart_Failure_09.png_comp_002,Heart_Failure_09.png,train,754,731,57,71,4047,2035,0.803
train_Heart_Failure_09.png_comp_003,Heart_Failure_09.png,train,710,793,43,64,2752,501,0.672
train_Heart_Failure_09.png_comp_004,Heart_Failure_09.png,train,534,819,9,55,495,410,0.164
train_Heart_Failure_09.png_comp_005,Heart_Failure_09.png,train,620,825,188,91,17108,2739,2.066
train_Heart_Failure_09.png_comp_006,Heart_Failure_09.png,train,602,840,46,25,1150,401,1.84
train_Heart_Failure_09.png_comp_007,Heart_Failure_09.png,train,546,861,188,259,48692,10998,0.726
train_Heart_Failure_09.png_comp_008,Heart_Failure_09.png,train,647,889,53,70,3710,1046,0.757
train_Heart_Failure_09.png_comp_009,Heart_Failure_09.png,train,715,939,44,65,2860,945,0.677
train_Heart_Failure_09.png_comp_010,Heart_Failure_09.png,train,936,989,50,34,1700,373,1.471
train_Heart_Failure_09.png_comp_011,Heart_Failure_09.png,train,663,1056,20,41,820,356,0.488
train_Heart_Failure_10.png_comp_001,Heart_Failure_10.png,train,489,858,159,92,14628,4906,1.728
train_Heart_Failure_10.png_comp_002,Heart_Failure_10.png,train,567,943,91,104,9464,2170,0.875
train_Heart_Failure_10.png_comp_003,Heart_Failure_10.png,train,617,1055,174,197,34278,14963,0.883
train_Heart_Failure_10.png_comp_004,Heart_Failure_10.png,train,776,1203,27,66,1782,683,0.409
train_Heart_Failure_10.png_comp_005,Heart_Failure_10.png,train,743,1240,26,33,858,485,0.788
train_Heart_Failure_10.png_comp_006,Heart_Failure_10.png,train,783,1269,19,20,380,124,0.95
train_Heart_Failure_10.png_comp_007,Heart_Failure_10.png,train,647,1285,33,44,1452,333,0.75
train_Isaac_M_Scott_01.png_comp_001,Isaac_M_Scott_01.png,train,1035,988,693,191,132363,97337,3.628
train_Isaac_M_Scott_02.png_comp_001,Isaac_M_Scott_02.png,train,481,1076,203,72,14616,11277,2.819
train_Isaac_M_Scott_02.png_comp_002,Isaac_M_Scott_02.png,train,1043,1085,497,74,36778,26740,6.716
train_Isaac_M_Scott_02.png_comp_003,Isaac_M_Scott_02.png,train,1406,1162,25,18,450,161,1.389
train_Isaac_M_Scott_03.png_comp_001,Isaac_M_Scott_03.png,train,0,1051,510,97,49470,37778,5.258
train_Isaac_M_Scott_05.png_comp_001,Isaac_M_Scott_05.png,train,1119,292,167,599,100033,51476,0.279
train_Isaac_M_Scott_06.png_comp_001,Isaac_M_Scott_06.png,train,1196,567,130,587,76310,51703,0.221
train_Montana_01.png_comp_001,Montana_01.png,train,331,728,22,27,594,269,0.815
train_Montana_01.png_comp_002,Montana_01.png,train,1,751,590,578,341020,193410,1.021
train_Montana_01.png_comp_003,Montana_01.png,train,1153,974,575,596,342700,193963,0.965
train_Montana_01.png_comp_004,Montana_01.png,train,1298,1517,62,17,1054,400,3.647
train_Montana_01.png_comp_005,Montana_01.png,train,1271,1531,92,22,2024,574,4.182
train_Montana_02.png_comp_001,Montana_02.png,train,904,1319,822,699,574578,296873,1.176
train_Montana_02.png_comp_002,Montana_02.png,train,1511,1330,72,19,1368,607,3.789
train_Montana_02.png_comp_003,Montana_02.png,train,1520,1341,134,30,4020,1085,4.467
train_Montana_03.png_comp_001,Montana_03.png,train,1166,974,562,461,259082,176669,1.219
train_Montana_03.png_comp_002,Montana_03.png,train,1,1102,574,533,305942,187801,1.077
train_Montana_03.png_comp_003,Montana_03.png,train,1464,1406,108,70,7560,1621,1.543
train_Montana_04.png_comp_001,Montana_04.png,train,1610,1040,49,24,1176,464,2.042
train_Montana_04.png_comp_002,Montana_04.png,train,1301,1211,79,74,5846,1207,1.068
train_Montana_04.png_comp_003,Montana_04.png,train,1210,1242,518,482,249676,179684,1.075
train_Montana_05.png_comp_001,Montana_05.png,train,1442,900,50,31,1550,701,1.613
train_Montana_05.png_comp_002,Montana_05.png,train,1160,936,568,1066,605488,232591,0.533
train_Montana_05.png_comp_003,Montana_05.png,train,1701,1338,27,83,2241,665,0.325
train_Montana_05.png_comp_004,Montana_05.png,train,222,1401,435,863,375405,142955,0.504
train_Montana_05.png_comp_005,Montana_05.png,train,206,1794,35,27,945,659,1.296
train_Montana_05.png_comp_006,Montana_05.png,train,309,2244,174,103,17922,3098,1.689
train_Montana_06.png_comp_001,Montana_06.png,train,906,481,356,878,312568,159109,0.405
train_Montana_06.png_comp_002,Montana_06.png,train,1243,763,485,1066,517010,297108,0.455
train_Montana_07.png_comp_001,Montana_07.png,train,1403,1018,24,21,504,364,1.143
train_Montana_07.png_comp_002,Montana_07.png,train,1196,1059,532,1138,605416,326541,0.467
train_Montana_07.png_comp_003,Montana_07.png,train,1540,1063,39,47,1833,823,0.83
train_Montana_07.png_comp_004,Montana_07.png,train,864,1589,457,799,365143,172748,0.572
train_Montana_07.png_comp_005,Montana_07.png,train,1514,2107,42,28,1176,635,1.5
train_Montana_08.png_comp_001,Montana_08.png,train,386,312,179,454,81266,27664,0.394
train_Montana_08.png_comp_002,Montana_08.png,train,1109,370,619,1321,817699,397206,0.469
train_Montana_08.png_comp_003,Montana_08.png,train,1493,572,39,21,819,507,1.857
train_Montana_08.png_comp_004,Montana_08.png,train,1387,1551,54,59,3186,1900,0.915
train_Montana_08.png_comp_005,Montana_08.png,train,1482,1629,19,31,589,274,0.613
train_Montana_08.png_comp_006,Montana_08.png,train,1440,1642,26,47,1222,595,0.553
train_Montana_08.png_comp_007,Montana_08.png,train,1583,1719,22,21,462,245,1.048
train_Near_Shore_01.png_comp_001,Near_Shore_01.png,train,1525,2172,202,213,43026,14094,0.948
train_Near_Shore_02.png_comp_001,Near_Shore_02.png,train,169,835,32,48,1536,1035,0.667
train_Near_Shore_02.png_comp_002,Near_Shore_02.png,train,157,967,304,842,255968,100353,0.361
train_Near_Shore_02.png_comp_003,Near_Shore_02.png,train,2,1086,120,634,76080,50687,0.189
train_Near_Shore_02.png_comp_004,Near_Shore_02.png,train,389,1306,128,505,64640,31945,0.253
train_Near_Shore_02.png_comp_005,Near_Shore_02.png,train,1145,7049,299,206,61594,10935,1.451
train_Near_Shore_02.png_comp_006,Near_Shore_02.png,train,1145,7190,243,125,30375,4174,1.944
train_Near_Shore_02.png_comp_007,Near_Shore_02.png,train,1333,7223,9,8,72,46,1.125
train_Near_Shore_02.png_comp_008,Near_Shore_02.png,train,1326,7227,13,11,143,79,1.182
train_Near_Shore_02.png_comp_009,Near_Shore_02.png,train,1357,7239,12,17,204,132,0.706
train_Near_Shore_02.png_comp_010,Near_Shore_02.png,train,1185,7334,22,18,396,176,1.222
train_Near_Shore_02.png_comp_011,Near_Shore_02.png,train,1195,7334,42,29,1218,359,1.448
train_Near_Shore_02.png_comp_012,Near_Shore_02.png,train,1160,7366,18,15,270,141,1.2
train_Near_Shore_02.png_comp_013,Near_Shore_02.png,train,1360,7433,22,25,550,165,0.88
train_Near_Shore_02.png_comp_014,Near_Shore_02.png,train,946,7462,94,58,5452,1728,1.621
train_Near_Shore_02.png_comp_015,Near_Shore_02.png,train,512,7508,16,12,192,99,1.333
train_Near_Shore_02.png_comp_016,Near_Shore_02.png,train,407,7563,86,87,7482,3409,0.989
train_Near_Shore_02.png_comp_017,Near_Shore_02.png,train,477,7651,64,41,2624,1225,1.561
train_Near_Shore_02.png_comp_018,Near_Shore_02.png,train,565,7653,13,12,156,79,1.083
train_Near_Shore_02.png_comp_019,Near_Shore_02.png,train,683,7774,29,36,1044,342,0.806
train_Near_Shore_02.png_comp_020,Near_Shore_02.png,train,187,8509,46,38,1748,544,1.211
train_Near_Shore_03.png_comp_001,Near_Shore_03.png,train,0,7806,27,260,7020,4617,0.104
train_Near_Shore_03.png_comp_002,Near_Shore_03.png,train,1305,8531,42,109,4578,2415,0.385
train_Near_Shore_04.png_comp_001,Near_Shore_04.png,train,120,481,160,91,14560,4718,1.758
train_Near_Shore_04.png_comp_002,Near_Shore_04.png,train,1619,661,49,92,4508,2113,0.533
train_Near_Shore_04.png_comp_003,Near_Shore_04.png,train,1,2760,351,767,269217,142517,0.458
train_Near_Shore_04.png_comp_004,Near_Shore_04.png,train,1,3376,37,140,5180,3148,0.264
train_Near_Shore_04.png_comp_005,Near_Shore_04.png,train,148,3555,10,13,130,77,0.769
train_Near_Shore_04.png_comp_006,Near_Shore_04.png,train,1429,9056,12,68,816,645,0.176
train_Near_Shore_05.png_comp_001,Near_Shore_05.png,train,1,5741,539,887,478093,303994,0.608
train_Near_Shore_05.png_comp_002,Near_Shore_05.png,train,488,6139,30,107,3210,1263,0.28
train_Near_Shore_05.png_comp_003,Near_Shore_05.png,train,406,6843,33,51,1683,1221,0.647
train_Near_Shore_05.png_comp_004,Near_Shore_05.png,train,182,6852,5,17,85,69,0.294
train_Near_Shore_05.png_comp_005,Near_Shore_05.png,train,60,6943,154,61,9394,3583,2.525
train_Oscar_T_Flint_03.png_comp_001,Oscar_T_Flint_03.png,train,1286,1765,39,46,1794,381,0.848
train_Oscar_T_Flint_03.png_comp_002,Oscar_T_Flint_03.png,train,1438,1829,34,18,612,198,1.889
train_Oscar_T_Flint_03.png_comp_003,Oscar_T_Flint_03.png,train,1473,1844,17,7,119,70,2.429
train_Oscar_T_Flint_03.png_comp_004,Oscar_T_Flint_03.png,train,1425,1857,303,200,60600,37963,1.515
train_Oscar_T_Flint_03.png_comp_005,Oscar_T_Flint_03.png,train,1294,1891,98,56,5488,1088,1.75
train_Oscar_T_Flint_03.png_comp_006,Oscar_T_Flint_03.png,train,1618,2087,28,26,728,406,1.077
train_Oscar_T_Flint_03.png_comp_007,Oscar_T_Flint_03.png,train,1319,2113,43,22,946,469,1.955
train_Oscar_T_Flint_03.png_comp_008,Oscar_T_Flint_03.png,train,1479,2231,105,27,2835,871,3.889
train_Oscar_T_Flint_03.png_comp_009,Oscar_T_Flint_03.png,train,1533,2391,44,18,792,272,2.444
train_Oscar_T_Flint_04.png_comp_001,Oscar_T_Flint_04.png,train,507,1352,70,25,1750,454,2.8
train_Oscar_T_Flint_04.png_comp_002,Oscar_T_Flint_04.png,train,627,1446,62,30,1860,798,2.067
train_Oscar_T_Flint_04.png_comp_003,Oscar_T_Flint_04.png,train,595,1459,122,68,8296,1231,1.794
train_Oscar_T_Flint_04.png_comp_004,Oscar_T_Flint_04.png,train,234,1495,546,237,129402,61420,2.304
train_Oscar_T_Flint_04.png_comp_005,Oscar_T_Flint_04.png,train,516,1504,18,17,306,160,1.059
train_Oscar_T_Flint_04.png_comp_006,Oscar_T_Flint_04.png,train,1257,1523,16,15,240,179,1.067
train_Oscar_T_Flint_04.png_comp_007,Oscar_T_Flint_04.png,train,619,1540,75,29,2175,1085,2.586
train_Oscar_T_Flint_04.png_comp_008,Oscar_T_Flint_04.png,train,335,1619,76,50,3800,1901,1.52
train_Oscar_T_Flint_04.png_comp_009,Oscar_T_Flint_04.png,train,953,1635,221,175,38675,23584,1.263
train_Oscar_T_Flint_04.png_comp_010,Oscar_T_Flint_04.png,train,1051,1639,95,45,4275,2239,2.111
train_Oscar_T_Flint_04.png_comp_011,Oscar_T_Flint_04.png,train,437,1651,113,45,5085,2190,2.511
train_Oscar_T_Flint_04.png_comp_012,Oscar_T_Flint_04.png,train,550,1672,68,37,2516,1090,1.838
train_Oscar_T_Flint_04.png_comp_013,Oscar_T_Flint_04.png,train,1256,1679,114,58,6612,2312,1.966
train_Oscar_T_Flint_04.png_comp_014,Oscar_T_Flint_04.png,train,1227,1736,75,38,2850,1687,1.974
train_Oscar_T_Flint_04.png_comp_015,Oscar_T_Flint_04.png,train,1142,1775,50,23,1150,814,2.174
train_Oscar_T_Flint_04.png_comp_016,Oscar_T_Flint_04.png,train,1139,1813,17,9,153,94,1.889
train_Oscar_T_Flint_04.png_comp_017,Oscar_T_Flint_04.png,train,1154,1819,30,14,420,125,2.143
train_Oscar_T_Flint_04.png_comp_018,Oscar_T_Flint_04.png,train,341,3548,18,27,486,196,0.667
train_Oscar_T_Flint_04.png_comp_019,Oscar_T_Flint_04.png,train,533,3574,27,76,2052,574,0.355
train_Oscar_T_Flint_04.png_comp_020,Oscar_T_Flint_04.png,train,416,3592,7,21,147,104,0.333
train_Oscar_T_Flint_04.png_comp_021,Oscar_T_Flint_04.png,train,326,3712,18,24,432,251,0.75
train_Oscar_T_Flint_05.png_comp_001,Oscar_T_Flint_05.png,train,2,1500,556,293,162908,68992,1.898
train_Oscar_T_Flint_05.png_comp_002,Oscar_T_Flint_05.png,train,3,1717,120,72,8640,1384,1.667
train_Oscar_T_Flint_10.png_comp_001,Oscar_T_Flint_10.png,train,0,824,57,304,17328,9457,0.188
train_Oscar_T_Flint_10.png_comp_002,Oscar_T_Flint_10.png,train,122,842,27,26,702,233,1.038
train_Oscar_T_Flint_10.png_comp_003,Oscar_T_Flint_10.png,train,276,852,6,13,78,64,0.462
train_Oscar_T_Flint_10.png_comp_004,Oscar_T_Flint_10.png,train,392,866,14,17,238,84,0.824
train_Oscar_T_Flint_10.png_comp_005,Oscar_T_Flint_10.png,train,74,888,9,55,495,408,0.164
train_Oscar_T_Flint_10.png_comp_006,Oscar_T_Flint_10.png,train,57,1044,20,29,580,300,0.69
train_Oscar_T_Flint_10.png_comp_007,Oscar_T_Flint_10.png,train,36,1123,17,24,408,207,0.708
train_Oscar_T_Flint_10.png_comp_008,Oscar_T_Flint_10.png,train,165,1482,37,35,1295,358,1.057
train_Oscar_T_Flint_11.png_comp_001,Oscar_T_Flint_11.png,train,1232,763,16,32,512,335,0.5
train_Oscar_T_Flint_11.png_comp_002,Oscar_T_Flint_11.png,train,1168,765,67,27,1809,704,2.481
train_Oscar_T_Flint_11.png_comp_003,Oscar_T_Flint_11.png,train,1304,788,6,13,78,57,0.462
train_Oscar_T_Flint_11.png_comp_004,Oscar_T_Flint_11.png,train,1271,795,16,9,144,84,1.778
train_Oscar_T_Flint_11.png_comp_005,Oscar_T_Flint_11.png,train,1192,799,134,340,45560,27501,0.394
train_Oscar_T_Flint_11.png_comp_006,Oscar_T_Flint_11.png,train,1205,807,6,22,132,77,0.273
train_Oscar_T_Flint_11.png_comp_007,Oscar_T_Flint_11.png,train,1165,899,19,12,228,138,1.583
train_Oscar_T_Flint_11.png_comp_008,Oscar_T_Flint_11.png,train,1038,902,37,22,814,195,1.682
train_Oscar_T_Flint_11.png_comp_009,Oscar_T_Flint_11.png,train,1136,962,46,61,2806,581,0.754
train_Oscar_T_Flint_11.png_comp_010,Oscar_T_Flint_11.png,train,1200,965,16,27,432,223,0.593
train_Oscar_T_Flint_11.png_comp_011,Oscar_T_Flint_11.png,train,1095,1050,25,19,475,101,1.316
train_Oscar_T_Flint_11.png_comp_012,Oscar_T_Flint_11.png,train,1220,1071,21,15,315,136,1.4
train_Oscar_T_Flint_12.png_comp_001,Oscar_T_Flint_12.png,train,752,771,68,236,16048,8784,0.288
train_Oscar_T_Flint_12.png_comp_002,Oscar_T_Flint_12.png,train,927,810,14,14,196,112,1.0
train_Oscar_T_Flint_12.png_comp_003,Oscar_T_Flint_12.png,train,1027,814,29,18,522,114,1.611
train_Oscar_T_Flint_12.png_comp_004,Oscar_T_Flint_12.png,train,907,820,55,275,15125,8845,0.2
train_Oscar_T_Flint_12.png_comp_005,Oscar_T_Flint_12.png,train,989,876,41,58,2378,625,0.707
train_Oscar_T_Flint_12.png_comp_006,Oscar_T_Flint_12.png,train,956,896,20,35,700,380,0.571
train_Oscar_T_Flint_12.png_comp_007,Oscar_T_Flint_12.png,train,954,944,34,26,884,421,1.308
train_Oscar_T_Flint_12.png_comp_008,Oscar_T_Flint_12.png,train,1096,962,45,22,990,285,2.045
train_Oscar_T_Flint_12.png_comp_009,Oscar_T_Flint_12.png,train,969,1028,28,26,728,477,1.077
train_Oscar_T_Flint_12.png_comp_010,Oscar_T_Flint_12.png,train,955,1098,19,28,532,246,0.679
train_Oscar_T_Flint_12.png_comp_011,Oscar_T_Flint_12.png,train,1072,1457,41,25,1025,189,1.64
train_Oscar_T_Flint_13.png_comp_001,Oscar_T_Flint_13.png,train,260,723,31,30,930,618,1.033
train_Oscar_T_Flint_13.png_comp_002,Oscar_T_Flint_13.png,train,324,726,18,33,594,393,0.545
train_Oscar_T_Flint_13.png_comp_003,Oscar_T_Flint_13.png,train,310,751,147,350,51450,32239,0.42
train_Oscar_T_Flint_13.png_comp_004,Oscar_T_Flint_13.png,train,434,837,10,19,190,97,0.526
train_Oscar_T_Flint_14.png_comp_001,Oscar_T_Flint_14.png,train,1661,716,67,256,17152,9367,0.262
train_Oscar_T_Flint_14.png_comp_002,Oscar_T_Flint_14.png,train,1700,959,15,28,420,156,0.536
train_Oscar_T_Flint_14.png_comp_003,Oscar_T_Flint_14.png,train,1687,960,6,13,78,62,0.462
train_Pewabic_01.png_comp_001,Pewabic_01.png,train,264,223,43,44,1892,538,0.977
train_Pewabic_01.png_comp_002,Pewabic_01.png,train,582,726,169,160,27040,11003,1.056
train_Pewabic_01.png_comp_003,Pewabic_01.png,train,999,852,70,79,5530,2587,0.886
train_Pewabic_01.png_comp_004,Pewabic_01.png,train,1205,1070,70,22,1540,510,3.182
train_Pewabic_01.png_comp_005,Pewabic_01.png,train,177,1380,36,23,828,438,1.565
train_Pewabic_01.png_comp_006,Pewabic_01.png,train,1651,1439,29,25,725,211,1.16
train_Pewabic_01.png_comp_007,Pewabic_01.png,train,91,1453,37,16,592,292,2.312
train_Pewabic_02.png_comp_001,Pewabic_02.png,train,368,365,31,19,589,212,1.632
train_Pewabic_02.png_comp_002,Pewabic_02.png,train,1231,816,401,203,81403,22900,1.975
train_Pewabic_02.png_comp_003,Pewabic_02.png,train,1310,956,8,23,184,116,0.348
train_Pewabic_02.png_comp_004,Pewabic_02.png,train,1388,1024,17,17,289,87,1.0
train_Pewabic_02.png_comp_005,Pewabic_02.png,train,1357,1035,17,29,493,167,0.586
train_Pewabic_02.png_comp_006,Pewabic_02.png,train,1499,1242,15,10,150,95,1.5
train_Pewabic_02.png_comp_007,Pewabic_02.png,train,1566,1261,15,15,225,160,1.0
train_Pewabic_03.png_comp_001,Pewabic_03.png,train,135,637,27,14,378,280,1.929
train_Pewabic_03.png_comp_002,Pewabic_03.png,train,432,791,9,10,90,66,0.9
train_Pewabic_03.png_comp_003,Pewabic_03.png,train,356,801,20,17,340,218,1.176
train_Pewabic_03.png_comp_004,Pewabic_03.png,train,983,966,159,52,8268,5130,3.058
train_Pewabic_03.png_comp_005,Pewabic_03.png,train,568,971,184,66,12144,7347,2.788
train_Pewabic_03.png_comp_006,Pewabic_03.png,train,1180,1013,35,31,1085,277,1.129
train_Pewabic_03.png_comp_007,Pewabic_03.png,train,1080,1076,15,10,150,92,1.5
train_Pewabic_03.png_comp_008,Pewabic_03.png,train,1157,1080,10,23,230,139,0.435
train_Pewabic_04.png_comp_001,Pewabic_04.png,train,1150,768,437,76,33212,17857,5.75
train_Pewabic_04.png_comp_002,Pewabic_04.png,train,1296,873,23,15,345,104,1.533
train_Pewabic_04.png_comp_003,Pewabic_04.png,train,1447,897,43,17,731,293,2.529
train_Pewabic_04.png_comp_004,Pewabic_04.png,train,1445,922,46,23,1058,475,2.0
train_Pewabic_05.png_comp_001,Pewabic_05.png,train,1130,937,277,268,74236,23016,1.034
train_WP_Rend_02.png_comp_001,WP_Rend_02.png,train,151,835,154,52,8008,2584,2.962
train_WP_Rend_02.png_comp_002,WP_Rend_02.png,train,1,872,622,191,118802,62029,3.257
train_WP_Rend_02.png_comp_003,WP_Rend_02.png,train,684,918,38,28,1064,252,1.357
train_WP_Rend_02.png_comp_004,WP_Rend_02.png,train,615,954,28,45,1260,375,0.622
train_WP_Rend_02.png_comp_005,WP_Rend_02.png,train,576,956,41,57,2337,705,0.719
train_WP_Rend_02.png_comp_006,WP_Rend_02.png,train,543,999,12,33,396,346,0.364
train_WP_Rend_02.png_comp_007,WP_Rend_02.png,train,618,1008,6,19,114,83,0.316
train_WP_Rend_02.png_comp_008,WP_Rend_02.png,train,529,1017,46,74,3404,1082,0.622
train_WP_Rend_02.png_comp_009,WP_Rend_02.png,train,720,1052,20,26,520,222,0.769
train_WP_Rend_02.png_comp_010,WP_Rend_02.png,train,622,1066,55,46,2530,491,1.196
train_WP_Rend_02.png_comp_011,WP_Rend_02.png,train,163,1106,49,54,2646,774,0.907
train_WP_Rend_02.png_comp_012,WP_Rend_02.png,train,231,1122,38,32,1216,566,1.188
train_WP_Rend_02.png_comp_013,WP_Rend_02.png,train,675,1124,44,57,2508,999,0.772
train_WP_Rend_02.png_comp_014,WP_Rend_02.png,train,221,1145,157,117,18369,3205,1.342
train_WP_Rend_02.png_comp_015,WP_Rend_02.png,train,659,1178,11,42,462,385,0.262
train_WP_Rend_02.png_comp_016,WP_Rend_02.png,train,711,1188,15,62,930,361,0.242
train_WP_Rend_02.png_comp_017,WP_Rend_02.png,train,0,1496,82,55,4510,1754,1.491
train_WP_Rend_04.png_comp_001,WP_Rend_04.png,train,1077,814,116,41,4756,2742,2.829
train_WP_Rend_04.png_comp_002,WP_Rend_04.png,train,897,835,552,196,108192,66580,2.816
train_WP_Rend_04.png_comp_003,WP_Rend_04.png,train,237,899,599,254,152146,78553,2.358
train_WP_Rend_04.png_comp_004,WP_Rend_04.png,train,1436,963,40,98,3920,2673,0.408
train_WP_Rend_04.png_comp_005,WP_Rend_04.png,train,711,1067,40,44,1760,467,0.909
train_WP_Rend_04.png_comp_006,WP_Rend_04.png,train,1073,1075,38,28,1064,210,1.357
train_WP_Rend_04.png_comp_007,WP_Rend_04.png,train,1147,1088,28,26,728,227,1.077
train_WP_Rend_04.png_comp_008,WP_Rend_04.png,train,1128,1105,64,80,5120,1019,0.8
train_WP_Rend_04.png_comp_009,WP_Rend_04.png,train,1575,1110,18,82,1476,565,0.22
train_WP_Rend_04.png_comp_010,WP_Rend_04.png,train,1194,1120,88,100,8800,707,0.88
train_WP_Rend_04.png_comp_011,WP_Rend_04.png,train,1189,1128,12,66,792,289,0.182
train_WP_Rend_04.png_comp_012,WP_Rend_04.png,train,589,1142,28,43,1204,265,0.651
train_WP_Rend_04.png_comp_013,WP_Rend_04.png,train,1207,1142,8,33,264,129,0.242
train_WP_Rend_04.png_comp_014,WP_Rend_04.png,train,527,1180,53,33,1749,261,1.606
train_WP_Rend_04.png_comp_015,WP_Rend_04.png,train,642,1191,15,33,495,159,0.455
train_WP_Rend_04.png_comp_016,WP_Rend_04.png,train,965,1232,33,23,759,277,1.435
train_WP_Rend_04.png_comp_017,WP_Rend_04.png,train,1356,1248,41,64,2624,689,0.641
train_WP_Rend_04.png_comp_018,WP_Rend_04.png,train,1032,1250,27,24,648,174,1.125
train_WP_Rend_04.png_comp_019,WP_Rend_04.png,train,478,1254,12,25,300,166,0.48
train_WP_Rend_04.png_comp_020,WP_Rend_04.png,train,993,1258,20,41,820,210,0.488
train_WP_Rend_04.png_comp_021,WP_Rend_04.png,train,711,1263,52,75,3900,419,0.693
train_WP_Rend_04.png_comp_022,WP_Rend_04.png,train,1030,1306,56,47,2632,384,1.191
train_WP_Rend_04.png_comp_023,WP_Rend_04.png,train,511,1411,29,31,899,179,0.935
train_WP_Rend_05.png_comp_001,WP_Rend_05.png,train,506,479,73,21,1533,453,3.476
train_WP_Rend_05.png_comp_002,WP_Rend_05.png,train,761,513,24,33,792,252,0.727
train_WP_Rend_05.png_comp_003,WP_Rend_05.png,train,511,591,55,82,4510,798,0.671
train_WP_Rend_05.png_comp_004,WP_Rend_05.png,train,772,676,12,26,312,246,0.462
train_WP_Rend_05.png_comp_005,WP_Rend_05.png,train,426,696,36,30,1080,340,1.2
train_WP_Rend_05.png_comp_006,WP_Rend_05.png,train,620,723,45,30,1350,390,1.5
train_WP_Rend_05.png_comp_007,WP_Rend_05.png,train,88,735,24,38,912,713,0.632
train_WP_Rend_05.png_comp_008,WP_Rend_05.png,train,694,741,65,41,2665,829,1.585
train_WP_Rend_05.png_comp_009,WP_Rend_05.png,train,587,744,19,20,380,180,0.95
train_WP_Rend_05.png_comp_010,WP_Rend_05.png,train,653,763,28,56,1568,699,0.5
train_WP_Rend_05.png_comp_011,WP_Rend_05.png,train,125,774,16,33,528,246,0.485
train_WP_Rend_05.png_comp_012,WP_Rend_05.png,train,471,775,70,24,1680,471,2.917
train_WP_Rend_05.png_comp_013,WP_Rend_05.png,train,5,826,815,159,129585,84450,5.126
train_WP_Rend_05.png_comp_014,WP_Rend_05.png,train,907,829,187,148,27676,15647,1.264
train_WP_Rend_06.png_comp_001,WP_Rend_06.png,train,529,204,169,125,21125,13053,1.352
train_WP_Rend_06.png_comp_002,WP_Rend_06.png,train,1065,874,663,253,167739,95688,2.621
train_WP_Rend_06.png_comp_003,WP_Rend_06.png,train,1474,1107,40,31,1240,514,1.29
train_WP_Rend_06.png_comp_004,WP_Rend_06.png,train,1292,1119,34,53,1802,664,0.642
train_WP_Rend_06.png_comp_005,WP_Rend_06.png,train,1514,1167,29,31,899,529,0.935
train_WP_Rend_06.png_comp_006,WP_Rend_06.png,train,1348,1191,142,29,4118,1420,4.897
train_WP_Rend_06.png_comp_007,WP_Rend_06.png,train,1618,1246,27,43,1161,373,0.628
train_WP_Rend_06.png_comp_008,WP_Rend_06.png,train,1455,1265,168,35,5880,1401,4.8
train_WP_Rend_06.png_comp_009,WP_Rend_06.png,train,1396,1392,31,28,868,323,1.107
train_WP_Rend_07.png_comp_001,WP_Rend_07.png,train,1,775,208,131,27248,15898,1.588
train_WP_Rend_07.png_comp_002,WP_Rend_07.png,train,1335,1548,117,98,11466,6665,1.194
train_WP_Rend_07.png_comp_003,WP_Rend_07.png,train,384,1586,195,124,24180,13543,1.573
train_WP_Rend_09.png_comp_001,WP_Rend_09.png,train,438,2212,39,24,936,511,1.625
train_WP_Rend_09.png_comp_002,WP_Rend_09.png,train,459,2256,17,35,595,242,0.486
train_WP_Rend_09.png_comp_003,WP_Rend_09.png,train,137,2283,402,1342,539484,348717,0.3
train_WP_Rend_09.png_comp_004,WP_Rend_09.png,train,449,3198,91,85,7735,1446,1.071
train_WP_Rend_09.png_comp_005,WP_Rend_09.png,train,443,3430,19,29,551,343,0.655
train_WP_Rend_09.png_comp_006,WP_Rend_09.png,train,417,3460,14,18,252,164,0.778
train_WP_Rend_10.png_comp_001,WP_Rend_10.png,train,652,1233,56,33,1848,668,1.697
train_WP_Rend_10.png_comp_002,WP_Rend_10.png,train,477,2023,360,1450,522000,304560,0.248
train_WP_Rend_10.png_comp_003,WP_Rend_10.png,train,1092,2036,57,12,684,327,4.75
train_WP_Rend_10.png_comp_004,WP_Rend_10.png,train,1032,2110,24,66,1584,445,0.364
train_WP_Rend_10.png_comp_005,WP_Rend_10.png,train,1122,2120,48,58,2784,552,0.828
train_WP_Rend_10.png_comp_006,WP_Rend_10.png,train,543,2191,10,10,100,51,1.0
train_WP_Rend_10.png_comp_007,WP_Rend_10.png,train,593,2191,7,14,98,57,0.5
train_WP_Rend_10.png_comp_008,WP_Rend_10.png,train,613,2194,8,15,120,63,0.533
train_WP_Rend_10.png_comp_009,WP_Rend_10.png,train,1009,2208,83,40,3320,954,2.075
train_WP_Rend_10.png_comp_010,WP_Rend_10.png,train,610,2246,17,8,136,90,2.125
train_WP_Rend_10.png_comp_011,WP_Rend_10.png,train,560,2250,19,54,1026,510,0.352
train_WP_Rend_10.png_comp_012,WP_Rend_10.png,train,1165,2271,59,25,1475,359,2.36
train_WP_Rend_10.png_comp_013,WP_Rend_10.png,train,580,2280,18,29,522,241,0.621
train_WP_Rend_10.png_comp_014,WP_Rend_10.png,train,1015,2288,66,19,1254,325,3.474
train_WP_Rend_10.png_comp_015,WP_Rend_10.png,train,1114,2299,37,18,666,259,2.056
train_WP_Rend_10.png_comp_016,WP_Rend_10.png,train,581,2301,4,11,44,28,0.364
train_WP_Rend_10.png_comp_017,WP_Rend_10.png,train,546,2304,16,29,464,285,0.552
train_WP_Rend_10.png_comp_018,WP_Rend_10.png,train,1200,2315,97,51,4947,615,1.902
train_WP_Rend_10.png_comp_019,WP_Rend_10.png,train,571,2320,8,9,72,44,0.889
train_WP_Rend_10.png_comp_020,WP_Rend_10.png,train,590,2325,7,7,49,31,1.0
train_WP_Rend_10.png_comp_021,WP_Rend_10.png,train,552,2329,5,9,45,25,0.556
train_WP_Rend_10.png_comp_022,WP_Rend_10.png,train,570,2334,7,6,42,25,1.167
train_WP_Rend_10.png_comp_023,WP_Rend_10.png,train,1305,2388,31,52,1612,598,0.596
train_WP_Rend_10.png_comp_024,WP_Rend_10.png,train,1191,2395,59,45,2655,1577,1.311
train_WP_Rend_10.png_comp_025,WP_Rend_10.png,train,1091,2407,75,112,8400,2135,0.67
train_WP_Rend_10.png_comp_026,WP_Rend_10.png,train,453,2431,101,47,4747,1723,2.149
train_WP_Rend_10.png_comp_027,WP_Rend_10.png,train,502,2465,22,96,2112,694,0.229
train_WP_Rend_10.png_comp_028,WP_Rend_10.png,train,1181,2495,24,19,456,171,1.263
train_WP_Rend_10.png_comp_029,WP_Rend_10.png,train,1076,2519,12,10,120,82,1.2
train_WP_Rend_10.png_comp_030,WP_Rend_10.png,train,1115,2519,12,15,180,95,0.8
train_WP_Rend_10.png_comp_031,WP_Rend_10.png,train,1144,2518,10,16,160,122,0.625
train_WP_Rend_10.png_comp_032,WP_Rend_10.png,train,1202,2528,183,55,10065,1711,3.327
train_WP_Rend_10.png_comp_033,WP_Rend_10.png,train,1032,2536,167,78,13026,2405,2.141
train_WP_Rend_10.png_comp_034,WP_Rend_10.png,train,1190,2553,46,32,1472,346,1.438
train_WP_Rend_10.png_comp_035,WP_Rend_10.png,train,1596,2650,51,53,2703,502,0.962
train_WP_Rend_10.png_comp_036,WP_Rend_10.png,train,1410,2711,48,34,1632,265,1.412
train_WP_Rend_10.png_comp_037,WP_Rend_10.png,train,1346,2716,41,30,1230,264,1.367
train_WP_Rend_10.png_comp_038,WP_Rend_10.png,train,1372,2775,20,63,1260,522,0.317
train_WP_Rend_10.png_comp_039,WP_Rend_10.png,train,1232,2856,27,14,378,118,1.929
train_WP_Rend_10.png_comp_040,WP_Rend_10.png,train,1290,2858,42,14,588,275,3.0
train_WP_Rend_10.png_comp_041,WP_Rend_10.png,train,1064,2872,77,117,9009,1659,0.658
train_WP_Rend_10.png_comp_042,WP_Rend_10.png,train,996,2880,19,45,855,273,0.422
train_WP_Rend_10.png_comp_043,WP_Rend_10.png,train,972,2912,54,49,2646,862,1.102
train_WP_Rend_10.png_comp_044,WP_Rend_10.png,train,1214,2918,7,49,343,292,0.143
train_WP_Rend_10.png_comp_045,WP_Rend_10.png,train,1297,2927,11,36,396,263,0.306
train_WP_Rend_10.png_comp_046,WP_Rend_10.png,train,1138,3011,36,11,396,198,3.273
train_WP_Rend_10.png_comp_047,WP_Rend_10.png,train,1193,3033,29,36,1044,329,0.806
train_WP_Rend_10.png_comp_048,WP_Rend_10.png,train,1013,3039,11,41,451,278,0.268
train_WP_Rend_10.png_comp_049,WP_Rend_10.png,train,1022,3065,111,19,2109,635,5.842
train_WP_Rend_10.png_comp_050,WP_Rend_10.png,train,503,3090,19,45,855,243,0.422
train_WP_Rend_10.png_comp_051,WP_Rend_10.png,train,1179,3097,17,26,442,219,0.654
train_WP_Rend_10.png_comp_052,WP_Rend_10.png,train,1207,3141,26,58,1508,705,0.448
train_WP_Rend_10.png_comp_053,WP_Rend_10.png,train,1057,3220,115,33,3795,1150,3.485
train_WP_Rend_10.png_comp_054,WP_Rend_10.png,train,1546,3306,84,12,1008,443,7.0
train_WP_Rend_10.png_comp_055,WP_Rend_10.png,train,487,3320,87,41,3567,1071,2.122
train_WP_Rend_10.png_comp_056,WP_Rend_10.png,train,517,3333,12,13,156,88,0.923
train_WP_Rend_10.png_comp_057,WP_Rend_10.png,train,512,3363,16,8,128,82,2.0
train_WP_Rend_10.png_comp_058,WP_Rend_10.png,train,557,3459,20,37,740,195,0.541
train_WP_Rend_10.png_comp_059,WP_Rend_10.png,train,583,3508,23,17,391,188,1.353
train_WP_Rend_11.png_comp_001,WP_Rend_11.png,train,1153,2334,7,36,252,190,0.194
train_WP_Rend_11.png_comp_002,WP_Rend_11.png,train,1220,2361,508,1309,664972,303893,0.388
train_WP_Rend_11.png_comp_003,WP_Rend_11.png,train,694,2446,51,19,969,373,2.684
train_WP_Rend_11.png_comp_004,WP_Rend_11.png,train,1301,2544,48,39,1872,844,1.231
train_WP_Rend_11.png_comp_005,WP_Rend_11.png,train,1243,2583,19,19,361,154,1.0
train_WP_Rend_11.png_comp_006,WP_Rend_11.png,train,1180,2641,42,25,1050,229,1.68
train_WP_Rend_11.png_comp_007,WP_Rend_11.png,train,1227,2699,26,8,208,130,3.25
train_WP_Rend_11.png_comp_008,WP_Rend_11.png,train,1261,2800,38,38,1444,420,1.0
train_WP_Rend_11.png_comp_009,WP_Rend_11.png,train,1184,2822,12,33,396,298,0.364
train_WP_Rend_11.png_comp_010,WP_Rend_11.png,train,1061,2826,61,36,2196,661,1.694
train_WP_Rend_11.png_comp_011,WP_Rend_11.png,train,1017,2888,19,50,950,525,0.38
train_WP_Rend_11.png_comp_012,WP_Rend_11.png,train,586,2909,46,59,2714,987,0.78
train_WP_Rend_11.png_comp_013,WP_Rend_11.png,train,645,2920,37,85,3145,1232,0.435
train_WP_Rend_11.png_comp_014,WP_Rend_11.png,train,472,3017,46,74,3404,1800,0.622
train_WP_Rend_11.png_comp_015,WP_Rend_11.png,train,1173,3108,51,88,4488,1663,0.58
train_WP_Rend_11.png_comp_016,WP_Rend_11.png,train,990,3129,180,104,18720,3300,1.731
train_WP_Rend_11.png_comp_017,WP_Rend_11.png,train,1163,3130,28,27,756,490,1.037
train_WP_Rend_11.png_comp_018,WP_Rend_11.png,train,1195,3197,17,19,323,219,0.895
train_WP_Rend_11.png_comp_019,WP_Rend_11.png,train,1070,3217,109,50,5450,2972,2.18
train_WP_Rend_11.png_comp_020,WP_Rend_11.png,train,1032,3284,107,56,5992,1192,1.911
train_WP_Rend_11.png_comp_021,WP_Rend_11.png,train,1334,3303,26,57,1482,1016,0.456
train_WP_Rend_11.png_comp_022,WP_Rend_11.png,train,1112,3516,40,54,2160,480,0.741
train_WP_Rend_11.png_comp_023,WP_Rend_11.png,train,1226,3525,48,59,2832,806,0.814
train_WP_Rend_11.png_comp_024,WP_Rend_11.png,train,1012,3552,38,42,1596,646,0.905
train_WP_Rend_11.png_comp_025,WP_Rend_11.png,train,1400,4430,64,23,1472,502,2.783
